-- =============================================================
-- DSS Legal Case Agent — Expanded Synthetic Seed Data
-- 50 cases: 2 hand-crafted demo cases + 48 generated cases
-- All names, dates, case numbers, and details are fictional.
-- No real case data is represented.
-- =============================================================

-- =============================================
-- CASES 1-2: Hand-crafted demo cases
-- (rich data for primary demo prompts)
-- =============================================
-- =============================================================
-- DSS Legal Case Agent — Synthetic Seed Data
-- All names, dates, case numbers, and details are fictional.
-- No real case data is represented.
-- =============================================================

-- =============================================
-- CASE 1: CPS case with medical injuries
-- =============================================
INSERT INTO cases (case_id, case_title, case_type, circuit, county, filed_date, status, plaintiff, summary)
VALUES (
    '2024-DR-42-0892',
    'DSS v. Webb & Holloway — CPS Emergency Removal',
    'Child Protective Services',
    'Seventh Judicial Circuit',
    'Spartanburg',
    '2024-06-14',
    'Active',
    'SC Department of Social Services',
    'Emergency removal of minor child Jaylen Webb (age 3) following hospital admission for multiple unexplained fractures. Parents Marcus Webb and Dena Holloway provided conflicting accounts of injuries. DSS filed for emergency protective custody. Child placed in kinship foster care with maternal grandmother. Case involves disputed timeline of events, inconsistent parental statements, and medical evidence contradicting both parents accounts.'
);

-- People for Case 1
INSERT INTO people (case_id, full_name, role, relationship, dob, notes) VALUES
('2024-DR-42-0892', 'Marcus Webb', 'Parent', 'Father of minor child Jaylen Webb', '1991-03-15', 'Resides at 412 Oak Hollow Rd, Spartanburg. Employed as warehouse associate. No prior DSS history.'),
('2024-DR-42-0892', 'Dena Holloway', 'Parent', 'Mother of minor child Jaylen Webb', '1993-08-22', 'Resides at same address as Marcus Webb. Employed part-time as home health aide. No prior DSS history.'),
('2024-DR-42-0892', 'Jaylen Webb', 'Child', 'Minor child, age 3', '2021-04-10', 'Subject child. Admitted to Spartanburg Medical Center on 2024-06-12 with bilateral femur fracture and spiral fracture of left humerus.'),
('2024-DR-42-0892', 'Theresa Holloway', 'Kinship Foster Parent', 'Maternal grandmother of Jaylen Webb', '1962-11-05', 'Approved kinship placement. Resides at 88 Creekside Ln, Greenville. Retired educator.'),
('2024-DR-42-0892', 'Renee Dawson', 'Case Manager', 'DSS Case Manager assigned 2024-06-13', NULL, 'Senior case manager, Spartanburg County DSS. 8 years experience. Conducted initial home assessment and all subsequent visits.'),
('2024-DR-42-0892', 'Lt. Frank Odom', 'Law Enforcement', 'Spartanburg County Sheriff investigator', NULL, 'Assigned to investigate following mandatory hospital report. Conducted interviews with both parents on 2024-06-13.'),
('2024-DR-42-0892', 'Dr. Anita Chowdhury', 'Witness', 'Attending pediatrician, Spartanburg Medical Center', NULL, 'Board-certified pediatrician. Examined Jaylen Webb on admission. Filed mandatory abuse report.'),
('2024-DR-42-0892', 'Karen Milford', 'Guardian ad Litem', 'Court-appointed GAL for Jaylen Webb', NULL, 'Appointed 2024-06-18. Attorney and volunteer GAL with SC CASA program.');

-- Timeline Events for Case 1 (12 events)
INSERT INTO timeline_events (case_id, event_date, event_time, event_type, description, source_document, parties_involved) VALUES
('2024-DR-42-0892', '2024-06-11', '10:00 PM', 'Family', 'Marcus Webb states he put Jaylen to bed at approximately 10:00 PM. Reports child was behaving normally throughout the day.', 'Dictation PDF, p. 3', 'Marcus Webb, Jaylen Webb'),
('2024-DR-42-0892', '2024-06-12', '2:00 AM', 'Medical', 'Dena Holloway reports hearing Jaylen crying loudly. Found child in crib unable to move left leg. Both parents drove child to Spartanburg Medical Center ER.', 'Dictation PDF, p. 4', 'Dena Holloway, Marcus Webb, Jaylen Webb'),
('2024-DR-42-0892', '2024-06-12', '3:15 AM', 'Medical', 'Jaylen Webb admitted to Spartanburg Medical Center ER. X-rays reveal bilateral femur fracture (right) and spiral fracture of left humerus. Injuries assessed as inconsistent with reported mechanism (fall from crib). Dr. Chowdhury notes injuries are at different stages of healing.', 'Medical Records, pp. 1-4', 'Jaylen Webb, Dr. Anita Chowdhury'),
('2024-DR-42-0892', '2024-06-12', '7:30 AM', 'Medical', 'Dr. Chowdhury files mandatory abuse/neglect report with DSS and Spartanburg County Sheriff. Medical opinion: injuries are non-accidental and occurred at different times, inconsistent with a single fall event.', 'Medical Records, p. 5; DSS Intake Report', 'Dr. Anita Chowdhury'),
('2024-DR-42-0892', '2024-06-12', '11:00 AM', 'Law Enforcement', 'Lt. Frank Odom responds to hospital. Observes child injuries. Interviews ER nursing staff. Requests DSS coordination.', 'Sheriff Report #24-06-4418, p. 1', 'Lt. Frank Odom, Jaylen Webb'),
('2024-DR-42-0892', '2024-06-13', '9:00 AM', 'DSS Action', 'Renee Dawson assigned as DSS case manager. Conducts initial assessment interview with Dena Holloway at hospital. Dena states Jaylen fell from crib and Marcus was the only adult present overnight.', 'Dictation PDF, pp. 4-6', 'Renee Dawson, Dena Holloway'),
('2024-DR-42-0892', '2024-06-13', '1:30 PM', 'Law Enforcement', 'Lt. Odom interviews Marcus Webb at Spartanburg County Sheriff office. Marcus states he was asleep on the couch and did not hear anything until Dena woke him. States he did not witness any fall.', 'Sheriff Report #24-06-4418, pp. 3-5', 'Lt. Frank Odom, Marcus Webb'),
('2024-DR-42-0892', '2024-06-13', '4:00 PM', 'Law Enforcement', 'Lt. Odom interviews Dena Holloway at Spartanburg County Sheriff office. Dena changes account — now states Marcus was in the child room earlier in the evening and she heard a loud thump around 9:30 PM but did not check immediately.', 'Sheriff Report #24-06-4418, pp. 6-8', 'Lt. Frank Odom, Dena Holloway'),
('2024-DR-42-0892', '2024-06-14', '10:00 AM', 'Court', 'DSS files petition for emergency protective custody. Family Court Judge Margaret Easley grants ex parte emergency removal order. Jaylen Webb placed in temporary DSS custody.', 'Court Filing #2024-DR-42-0892, Order 1', 'Renee Dawson, Judge Margaret Easley'),
('2024-DR-42-0892', '2024-06-18', '9:30 AM', 'Court', 'Probable cause hearing held before Judge Easley. Court finds probable cause for removal. Karen Milford appointed as Guardian ad Litem. Both parents represented by counsel. Next hearing set for 30-day review.', 'Court Filing #2024-DR-42-0892, Order 2', 'Judge Margaret Easley, Marcus Webb, Dena Holloway, Karen Milford'),
('2024-DR-42-0892', '2024-06-20', NULL, 'Placement', 'Jaylen Webb discharged from hospital and placed with maternal grandmother Theresa Holloway under kinship foster care agreement. DSS approves placement following home study.', 'Placement Agreement, DSS Form 1234', 'Jaylen Webb, Theresa Holloway, Renee Dawson'),
('2024-DR-42-0892', '2024-07-18', '2:00 PM', 'Court', 'Thirty-day review hearing. DSS presents case plan requiring parenting classes, psychological evaluations, and supervised visitation for both parents. Court approves plan. Next merits hearing scheduled for September 12, 2024.', 'Court Filing #2024-DR-42-0892, Order 3', 'Judge Margaret Easley, Marcus Webb, Dena Holloway, Renee Dawson, Karen Milford');

-- Statements for Case 1 — Marcus Webb (person_id = 1)
INSERT INTO statements (case_id, person_id, statement_date, made_to, statement_text, source_document, page_reference) VALUES
('2024-DR-42-0892', 1, '2024-06-12', 'Medical Staff', 'I put him to bed around ten. He was fine, running around all day. I fell asleep on the couch watching TV. Next thing I know, Dena is shaking me saying something is wrong with Jaylen.', 'Medical Records, Nursing Notes', 'p. 8'),
('2024-DR-42-0892', 1, '2024-06-13', 'Law Enforcement', 'I was on the couch all night. I did not go into Jaylen room after I put him down. I don''t know how he got hurt. Maybe he climbed out of the crib and fell. He''s been trying to climb out lately.', 'Sheriff Report #24-06-4418', 'p. 4'),
('2024-DR-42-0892', 1, '2024-06-13', 'Law Enforcement', 'Dena and I have been arguing a lot lately but I would never hurt my son. I don''t know why she is saying I was in the room. I was not in his room after 10 PM.', 'Sheriff Report #24-06-4418', 'p. 5'),
('2024-DR-42-0892', 1, '2024-06-14', 'Case Manager', 'I love my son. I want to cooperate with DSS. I will do whatever the court says. I did not hurt Jaylen and I don''t know what happened to him.', 'Dictation PDF', 'p. 12'),
('2024-DR-42-0892', 1, '2024-07-18', 'Court', 'I have enrolled in parenting classes at Spartanburg Family Services. I want to get my son back. I am willing to do everything in the case plan.', 'Court Transcript, 30-Day Review', 'p. 22');

-- Statements for Case 1 — Dena Holloway (person_id = 2)
INSERT INTO statements (case_id, person_id, statement_date, made_to, statement_text, source_document, page_reference) VALUES
('2024-DR-42-0892', 2, '2024-06-12', 'Medical Staff', 'I heard him crying around 2 AM. I went in and he couldn''t move his leg. I think he fell out of his crib. Marcus put him to bed, I was in the bedroom.', 'Medical Records, Nursing Notes', 'p. 9'),
('2024-DR-42-0892', 2, '2024-06-13', 'Case Manager', 'Marcus was the only one with Jaylen after bedtime. I was in our bedroom with the door closed. I didn''t hear anything until 2 AM when Jaylen started screaming.', 'Dictation PDF', 'p. 5'),
('2024-DR-42-0892', 2, '2024-06-13', 'Law Enforcement', 'Actually, I need to correct something. Around 9:30 PM I heard a loud thump from Jaylen room. I assumed Marcus was in there. I called out and Marcus said everything was fine. I did not check on Jaylen at that time.', 'Sheriff Report #24-06-4418', 'p. 7'),
('2024-DR-42-0892', 2, '2024-06-13', 'Law Enforcement', 'Marcus has a temper. He gets frustrated when Jaylen won''t stop crying. I have seen him grab Jaylen roughly by the arm before, maybe two or three times. I should have said something sooner.', 'Sheriff Report #24-06-4418', 'p. 8'),
('2024-DR-42-0892', 2, '2024-06-14', 'Case Manager', 'I want Jaylen to be safe. If my mama can take him, that would be best right now. I don''t feel safe with Marcus around Jaylen until we figure out what happened.', 'Dictation PDF', 'p. 14');

-- Statements for Case 1 — Renee Dawson (person_id = 5)
INSERT INTO statements (case_id, person_id, statement_date, made_to, statement_text, source_document, page_reference) VALUES
('2024-DR-42-0892', 5, '2024-06-13', 'Case Manager', 'During my initial interview with Ms. Holloway at the hospital, she appeared nervous and avoided eye contact when discussing the evening of June 11. Her account changed significantly between the hospital interview and the sheriff interview later that day.', 'Dictation PDF', 'p. 6'),
('2024-DR-42-0892', 5, '2024-06-14', 'Court', 'Based on my assessment, the child is at imminent risk of harm if returned to either parent at this time. The medical evidence indicates non-accidental trauma and both parents have provided inconsistent accounts. I recommend emergency removal and kinship placement with the maternal grandmother.', 'Dictation PDF', 'p. 15'),
('2024-DR-42-0892', 5, '2024-06-20', 'Case Manager', 'Home study of Theresa Holloway residence completed. Home is clean, safe, and age-appropriate for a three-year-old. Ms. Holloway is cooperative and understands the placement requirements.', 'Home Study Report', 'p. 2');

-- Statements for Case 1 — Dr. Chowdhury (person_id = 7)
INSERT INTO statements (case_id, person_id, statement_date, made_to, statement_text, source_document, page_reference) VALUES
('2024-DR-42-0892', 7, '2024-06-12', 'Medical Staff', 'The fracture pattern is inconsistent with a fall from a standard crib height. The spiral fracture of the left humerus indicates torsional force. Additionally, radiographic findings suggest the femur fracture is approximately 24-48 hours older than the humerus fracture, indicating two separate injury events.', 'Medical Records', 'p. 5'),
('2024-DR-42-0892', 7, '2024-06-18', 'Court', 'In my medical opinion, these injuries are non-accidental. A three-year-old falling from a crib would not sustain bilateral long bone fractures of this nature. The different healing stages confirm at least two separate trauma events occurring days apart.', 'Court Transcript, Probable Cause Hearing', 'p. 14');

-- Discrepancies for Case 1 (6 discrepancies)
INSERT INTO discrepancies (case_id, topic, person_a_id, person_a_account, person_b_id, person_b_account, contradicted_by, source_document) VALUES
('2024-DR-42-0892', 'Cause of child injuries', 1, 'States Jaylen may have fallen from crib while climbing. Claims the child had been trying to climb out of the crib recently.', 2, 'Initially agreed child fell from crib, but later stated she heard a thump at 9:30 PM from Jaylen room while Marcus was present.', 'Medical records indicate injuries are non-accidental and occurred at two separate times, inconsistent with a single fall event.', 'Medical Records pp. 1-5; Sheriff Report #24-06-4418'),
('2024-DR-42-0892', 'Marcus Webb presence in child room', 1, 'States he put Jaylen to bed at 10 PM and did not re-enter the room. Was on the couch all night.', 2, 'States she heard a thump from Jaylen room at 9:30 PM, called out, and Marcus responded that everything was fine — placing Marcus in or near the room at 9:30 PM.', 'Dena''s revised statement to Lt. Odom contradicts Marcus claim he was not in the room after 10 PM. The thump occurred before the stated bedtime.', 'Sheriff Report #24-06-4418, pp. 4-8'),
('2024-DR-42-0892', 'Timing of injury discovery', 1, 'States Dena woke him on the couch when she found Jaylen crying at 2 AM. Implies he was unaware of any problem before that.', 2, 'States she heard a loud thump at 9:30 PM but did not check because Marcus said everything was fine. Did not discover injury until 2 AM.', 'If the thump at 9:30 PM was the injury event, there was a 4.5-hour delay before seeking medical attention. Medical staff note this delay is concerning.', 'Medical Records, Nursing Notes p. 9; Sheriff Report #24-06-4418'),
('2024-DR-42-0892', 'History of rough handling', 1, 'Denies ever handling Jaylen roughly. States he has never harmed his child and does not know how the injuries occurred.', 2, 'States Marcus has a temper and she has seen him grab Jaylen roughly by the arm two or three times when frustrated by crying.', 'Dena''s statement to law enforcement. No prior DSS reports on file, but Dena''s account suggests a pattern not previously reported.', 'Sheriff Report #24-06-4418, p. 8'),
('2024-DR-42-0892', 'Single vs. multiple injury events', 1, 'Account implies a single incident — child fell from crib overnight.', 2, 'Account implies at least one event at 9:30 PM (thump) and a separate discovery at 2 AM.', 'Dr. Chowdhury confirms fractures are at different healing stages, indicating injuries occurred days apart — contradicting both parents'' accounts of a single night.', 'Medical Records, p. 5; Court Transcript p. 14'),
('2024-DR-42-0892', 'Dena Holloway initial vs. revised account', 2, 'Hospital statement (June 12): Heard crying at 2 AM, found child injured, believes he fell from crib. No mention of 9:30 PM thump or Marcus being in the room.', 2, 'Sheriff interview (June 13 PM): Reveals she heard a thump at 9:30 PM, Marcus was in or near the room, and she has witnessed Marcus grab Jaylen roughly before.', 'Dena''s own statements are internally inconsistent. Initial account omitted critical details that she later disclosed under law enforcement questioning.', 'Medical Records p. 9; Sheriff Report #24-06-4418 pp. 6-8');


-- =============================================
-- CASE 2: Termination of Parental Rights (TPR)
-- =============================================
INSERT INTO cases (case_id, case_title, case_type, circuit, county, filed_date, status, plaintiff, summary)
VALUES (
    '2024-DR-15-0341',
    'DSS v. Price — Termination of Parental Rights',
    'Termination of Parental Rights',
    'Fifth Judicial Circuit',
    'Richland',
    '2024-02-08',
    'Active',
    'SC Department of Social Services',
    'Petition for termination of parental rights of Crystal Price regarding minor children Amari Price (age 7) and Destiny Price (age 5). Children were removed in August 2023 following substantiated neglect findings. Ms. Price failed to complete court-ordered treatment plan including substance abuse counseling, parenting classes, and stable housing requirements over a 12-month reunification period. Father Brandon Price''s rights were voluntarily relinquished in November 2023. Probable cause hearing completed; merits hearing scheduled. Children currently in licensed foster care with pre-adoptive family.'
);

-- People for Case 2
INSERT INTO people (case_id, full_name, role, relationship, dob, notes) VALUES
('2024-DR-15-0341', 'Crystal Price', 'Parent', 'Mother of minor children Amari and Destiny Price', '1989-12-03', 'Resides at various addresses in Richland County. History of substance abuse (opioids). Two prior DSS investigations in 2021 and 2022, both unsubstantiated.'),
('2024-DR-15-0341', 'Brandon Price', 'Parent', 'Father of minor children Amari and Destiny Price', '1987-06-19', 'Incarcerated at Kirkland Correctional Institution since March 2023. Voluntarily relinquished parental rights November 2023.'),
('2024-DR-15-0341', 'Amari Price', 'Child', 'Minor child, age 7', '2017-09-28', 'Currently placed with licensed foster family, the Pattersons. Enrolled in second grade at Longleaf Elementary.'),
('2024-DR-15-0341', 'Destiny Price', 'Child', 'Minor child, age 5', '2019-05-14', 'Currently placed with licensed foster family, the Pattersons. Enrolled in pre-K at Longleaf Elementary.'),
('2024-DR-15-0341', 'Monica Vance', 'Case Manager', 'DSS Case Manager assigned August 2023', NULL, 'Case manager, Richland County DSS. Managed case from initial removal through TPR filing.'),
('2024-DR-15-0341', 'Dr. Raymond Ellis', 'Witness', 'Licensed clinical social worker, substance abuse evaluator', NULL, 'Conducted substance abuse evaluation of Crystal Price in September 2023. Recommended intensive outpatient treatment.'),
('2024-DR-15-0341', 'Sandra Patterson', 'Foster Parent', 'Licensed foster parent, pre-adoptive placement', NULL, 'Licensed foster parent since 2019. Children placed August 2023. Family has expressed intent to adopt if TPR is granted.'),
('2024-DR-15-0341', 'Thomas Reed', 'Guardian ad Litem', 'Court-appointed GAL for Amari and Destiny Price', NULL, 'Appointed September 2023. Recommends TPR and adoption by Patterson family.');

-- Timeline Events for Case 2 (10 events)
INSERT INTO timeline_events (case_id, event_date, event_time, event_type, description, source_document, parties_involved) VALUES
('2024-DR-15-0341', '2023-08-05', '3:00 PM', 'DSS Action', 'DSS receives referral from Longleaf Elementary School regarding Amari Price. Teacher reports child has come to school hungry on multiple occasions, wearing dirty clothes, and disclosed that mother sleeps all day and there is no food at home.', 'DSS Intake Report #23-08-1102', 'Amari Price, Monica Vance'),
('2024-DR-15-0341', '2023-08-08', '10:00 AM', 'DSS Action', 'Monica Vance conducts unannounced home visit at 1547 Gervais St, Apt 4B, Columbia. Finds apartment in unsanitary condition — spoiled food, no running water (utility shutoff), drug paraphernalia visible on kitchen counter. Crystal Price appears impaired. Both children present and unsupervised.', 'Home Visit Report', 'Monica Vance, Crystal Price, Amari Price, Destiny Price'),
('2024-DR-15-0341', '2023-08-08', '4:00 PM', 'DSS Action', 'DSS obtains emergency removal order. Amari and Destiny Price placed in emergency foster care. Crystal Price informed of removal and her rights.', 'Court Filing #2023-DR-15-0341, Emergency Order', 'Monica Vance, Crystal Price, Amari Price, Destiny Price'),
('2024-DR-15-0341', '2023-08-15', '9:00 AM', 'Court', 'Probable cause hearing for removal. Court finds probable cause of neglect. Crystal Price present with appointed counsel. Court orders treatment plan: substance abuse evaluation, parenting classes, stable housing, and employment. Reunification review in 90 days.', 'Court Filing, Order 1', 'Crystal Price, Monica Vance, Judge Harold Wynn'),
('2024-DR-15-0341', '2023-09-10', NULL, 'Medical', 'Dr. Raymond Ellis conducts substance abuse evaluation of Crystal Price. Diagnosis: Opioid Use Disorder, moderate severity. Recommends intensive outpatient program (IOP) with random drug testing.', 'Substance Abuse Evaluation Report', 'Dr. Raymond Ellis, Crystal Price'),
('2024-DR-15-0341', '2023-09-25', NULL, 'Placement', 'Amari and Destiny Price placed with Sandra and Michael Patterson, licensed foster family in Richland County. Children enrolled at Longleaf Elementary. Foster family expresses interest in adoption if reunification fails.', 'Placement Agreement', 'Amari Price, Destiny Price, Sandra Patterson, Monica Vance'),
('2024-DR-15-0341', '2023-11-14', NULL, 'Court', 'Ninety-day review hearing. Crystal Price has attended 3 of 12 required IOP sessions. Has not enrolled in parenting classes. No stable housing. Two positive drug screens (fentanyl) in October. Court continues treatment plan, warns that failure to comply may result in TPR.', 'Court Filing, Order 2', 'Crystal Price, Monica Vance, Judge Harold Wynn'),
('2024-DR-15-0341', '2023-11-20', NULL, 'Court', 'Brandon Price voluntarily relinquishes parental rights via written consent filed with the court. Mr. Price states from Kirkland Correctional that he wants what is best for the children and cannot parent from incarceration.', 'Voluntary Relinquishment Filing', 'Brandon Price, Judge Harold Wynn'),
('2024-DR-15-0341', '2024-02-08', '10:00 AM', 'Court', 'DSS files petition for Termination of Parental Rights against Crystal Price. Grounds: (1) child neglect, (2) failure to remedy conditions causing removal for more than six months despite court-ordered treatment plan, (3) substance abuse rendering parent unable to provide minimally adequate care.', 'TPR Petition #2024-DR-15-0341', 'Monica Vance, Crystal Price, Thomas Reed'),
('2024-DR-15-0341', '2024-04-22', '9:30 AM', 'Court', 'TPR probable cause hearing. Court finds probable cause to proceed to merits hearing. Crystal Price has now completed 5 of 12 IOP sessions, enrolled in parenting classes (attended 2 of 8), and obtained temporary housing. Court notes progress but finds it insufficient given 8-month timeframe. Merits hearing scheduled for July 15, 2024.', 'Court Filing, Order 3', 'Crystal Price, Monica Vance, Judge Harold Wynn, Thomas Reed');

-- Statements for Case 2 — Crystal Price (person_id = 9, first person in case 2)
INSERT INTO statements (case_id, person_id, statement_date, made_to, statement_text, source_document, page_reference) VALUES
('2024-DR-15-0341', 9, '2023-08-08', 'Case Manager', 'I''m going through a hard time. Brandon is locked up and I lost my job. The kids are fine, I take care of them. I just need some help with the bills.', 'Home Visit Report', 'p. 3'),
('2024-DR-15-0341', 9, '2023-08-15', 'Court', 'I love my children. I know I need to get help. I will do everything the court asks. Please don''t take my babies.', 'Court Transcript, Probable Cause Hearing', 'p. 18'),
('2024-DR-15-0341', 9, '2023-11-14', 'Court', 'I have been trying to get to the IOP sessions but I don''t have reliable transportation. I missed some appointments. I am looking for housing but it is hard without income. I am clean now.', 'Court Transcript, 90-Day Review', 'p. 12'),
('2024-DR-15-0341', 9, '2024-02-08', 'Case Manager', 'I know I messed up but I am getting better. I started going to NA meetings. I found a room to rent. I just need more time. Six months is not enough when you have nothing.', 'Dictation PDF', 'p. 8'),
('2024-DR-15-0341', 9, '2024-04-22', 'Court', 'I have been going to my IOP sessions and parenting classes. I have a place to stay now. I am working part-time at a gas station. I am trying. I want my kids back.', 'Court Transcript, TPR Probable Cause', 'p. 20');

-- Statements for Case 2 — Monica Vance (person_id = 13)
INSERT INTO statements (case_id, person_id, statement_date, made_to, statement_text, source_document, page_reference) VALUES
('2024-DR-15-0341', 13, '2023-08-08', 'Case Manager', 'Upon entering the apartment, I observed drug paraphernalia on the kitchen counter including a burnt spoon and syringe. The refrigerator contained only condiments and a gallon of spoiled milk. Both children were in the living room watching television. Amari told me he was hungry.', 'Home Visit Report', 'p. 2'),
('2024-DR-15-0341', 13, '2023-11-14', 'Court', 'Ms. Price has attended only 3 of 12 required IOP sessions. She has not enrolled in parenting classes as ordered. She has had two positive drug screens for fentanyl in October. She does not have stable housing — she reports staying with various friends. I have attempted six home visits and reached her twice.', 'Court Transcript, 90-Day Review', 'p. 8'),
('2024-DR-15-0341', 13, '2024-02-08', 'Court', 'Over the six months since removal, Ms. Price has made minimal progress on her treatment plan. She has completed 3 of 12 IOP sessions, has not completed parenting classes, has no stable housing, and has had multiple positive drug screens. DSS has provided bus passes, referrals, and assistance with housing applications. Despite these supports, compliance has been insufficient.', 'TPR Petition, Affidavit', 'pp. 4-5'),
('2024-DR-15-0341', 13, '2024-04-22', 'Court', 'Since the TPR petition was filed, Ms. Price has increased engagement. She has now completed 5 of 12 IOP sessions, attended 2 of 8 parenting classes, and obtained a room in a shared house. However, the shared housing would not be appropriate for two children. Her most recent drug screen on April 10 was negative. While there is progress, it remains well below what was ordered eight months ago.', 'Court Transcript, TPR Probable Cause', 'p. 10');

-- Statements for Case 2 — Dr. Ellis (person_id = 14)
INSERT INTO statements (case_id, person_id, statement_date, made_to, statement_text, source_document, page_reference) VALUES
('2024-DR-15-0341', 14, '2023-09-10', 'Case Manager', 'Ms. Price meets diagnostic criteria for Opioid Use Disorder, moderate severity. She reports daily opioid use beginning in 2021 following a back injury. She has not previously sought treatment. I recommend intensive outpatient treatment, minimum 12 sessions, combined with random drug screening and NA or similar peer support.', 'Substance Abuse Evaluation Report', 'pp. 3-4');

-- Statements for Case 2 — Thomas Reed, GAL (person_id = 16)
INSERT INTO statements (case_id, person_id, statement_date, made_to, statement_text, source_document, page_reference) VALUES
('2024-DR-15-0341', 16, '2024-02-08', 'Court', 'I have visited the children three times in the Patterson home. Both children are thriving — Amari is performing at grade level and Destiny has adjusted well to pre-K. The Pattersons provide a stable, loving home and wish to adopt. In my assessment, termination of parental rights and adoption is in the best interest of both children.', 'GAL Report', 'pp. 1-2'),
('2024-DR-15-0341', 16, '2024-04-22', 'Court', 'While I acknowledge Ms. Price''s recent efforts, the children have now been in foster care for eight months. They are bonded with the Patterson family and are stable for the first time in their lives. Further delays in permanency are not in the children''s best interest. I continue to recommend TPR.', 'GAL Report, Updated', 'p. 2');

-- Discrepancies for Case 2 (4 discrepancies)
INSERT INTO discrepancies (case_id, topic, person_a_id, person_a_account, person_b_id, person_b_account, contradicted_by, source_document) VALUES
('2024-DR-15-0341', 'Condition of the home at removal', 9, 'States the kids are fine and she just needs help with bills. Implies the home conditions are acceptable and the primary issue is financial.', 13, 'Documents drug paraphernalia visible on kitchen counter, no food in refrigerator, no running water due to utility shutoff. Children were unsupervised and Amari reported being hungry.', 'Home visit observations and photographs. Utility company confirmed shutoff on July 28, 2023 for nonpayment.', 'Home Visit Report, pp. 2-3'),
('2024-DR-15-0341', 'Drug use and sobriety', 9, 'States at 90-day review that she is clean now. At TPR probable cause states she is getting better and attending NA meetings.', 13, 'Documents two positive drug screens for fentanyl in October 2023, three months after removal. Most recent screen (April 2024) was negative, but compliance with testing has been inconsistent.', 'Lab results from October 8 and October 22, 2023 both positive for fentanyl. Missed scheduled screens on December 5, January 15, and March 3.', 'Drug Screen Reports; Court Transcript pp. 8, 12'),
('2024-DR-15-0341', 'Compliance with treatment plan', 9, 'States she has been trying but lacks transportation and support. Claims she is actively working on all requirements.', 13, 'Documents that DSS provided bus passes, referral assistance, and help with housing applications. Despite supports, Ms. Price completed only 5 of 12 IOP sessions and 2 of 8 parenting classes in 8 months.', 'DSS records show bus passes issued monthly, three housing referrals provided, and IOP transportation assistance offered but declined.', 'Dictation PDF p. 8; Court Transcripts'),
('2024-DR-15-0341', 'Housing stability', 9, 'Claims at TPR probable cause that she has a place to stay and is working part-time. Implies progress toward meeting housing requirement.', 13, 'Reports Ms. Price is renting a single room in a shared house that would not be appropriate for two children. Previous addresses include at least four different locations since removal.', 'Housing inspection notes that room is approximately 10x10 with shared bathroom. Landlord confirms month-to-month arrangement with no lease.', 'Housing Inspection Report; Court Transcript p. 10');


-- =============================================
-- CASES 3-50: Generated synthetic cases
-- =============================================

-- Case 3: 2023-DR-25-0194
INSERT INTO cases (case_id, case_title, case_type, circuit, county, filed_date, status, plaintiff, summary) VALUES ('2023-DR-25-0194', 'DSS v. Williams — TPR', 'Termination of Parental Rights', 'Fifth Judicial Circuit', 'Kershaw', '2024-05-09', 'Dismissed', 'SC Department of Social Services', 'Termination of Parental Rights case involving Chloe Williams (age 4) and Aaliyah Williams (age 12). Investigation found insufficient evidence to substantiate allegations. Case dismissed by Judge Margaret Easley.');
INSERT INTO people (case_id, full_name, role, relationship, dob, notes) VALUES ('2023-DR-25-0194', 'Rhonda Williams', 'Parent', 'Mother of Chloe Williams (age 4) and Aaliyah Williams (age 12)', '1998-09-15', NULL);
INSERT INTO people (case_id, full_name, role, relationship, dob, notes) VALUES ('2023-DR-25-0194', 'Terrence Williams', 'Parent', 'Father of Chloe Williams (age 4) and Aaliyah Williams (age 12)', '1990-07-06', NULL);
INSERT INTO people (case_id, full_name, role, relationship, dob, notes) VALUES ('2023-DR-25-0194', 'Chloe Williams', 'Child', 'Minor child, age 4', '2020-04-23', NULL);
INSERT INTO people (case_id, full_name, role, relationship, dob, notes) VALUES ('2023-DR-25-0194', 'Aaliyah Williams', 'Child', 'Minor child, age 12', '2011-12-19', NULL);
INSERT INTO people (case_id, full_name, role, relationship, dob, notes) VALUES ('2023-DR-25-0194', 'Cheryl Washington', 'Case Manager', 'DSS Case Manager', NULL, NULL);
INSERT INTO people (case_id, full_name, role, relationship, dob, notes) VALUES ('2023-DR-25-0194', 'Valerie Dunn', 'Guardian ad Litem', 'Court-appointed GAL', NULL, NULL);
INSERT INTO timeline_events (case_id, event_date, event_time, event_type, description, source_document, parties_involved) VALUES ('2023-DR-25-0194', '2024-04-12', '3:30 PM', 'DSS Action', 'DSS receives referral regarding Chloe Williams. Neighbor reports concerns about child welfare.', 'DSS Intake Report, p. 4', 'Chloe Williams, Cheryl Washington');
INSERT INTO timeline_events (case_id, event_date, event_time, event_type, description, source_document, parties_involved) VALUES ('2023-DR-25-0194', '2024-04-27', '5:45 AM', 'DSS Action', 'Cheryl Washington conducts scheduled home visit. Finds children found wandering outside at night without supervision. Terrence Williams uncooperative and hostile.', 'Home Visit Report, p. 20', 'Cheryl Washington, Terrence Williams');
INSERT INTO timeline_events (case_id, event_date, event_time, event_type, description, source_document, parties_involved) VALUES ('2023-DR-25-0194', '2024-05-09', '6:15 PM', 'DSS Action', 'DSS obtains emergency removal order. Chloe Williams (age 4) and Aaliyah Williams (age 12) placed in temporary shelter care. Terrence Williams informed of removal and rights.', 'Court Filing, Emergency Order, p. 15', 'Cheryl Washington, Terrence Williams, Chloe Williams (age 4) and Aaliyah Williams (age 12)');
INSERT INTO timeline_events (case_id, event_date, event_time, event_type, description, source_document, parties_involved) VALUES ('2023-DR-25-0194', '2024-05-16', '4:45 PM', 'Court', 'Probable cause hearing before Judge Margaret Easley. Court finds probable cause of abuse. Terrence Williams present with appointed counsel. Treatment plan ordered: stable housing, family therapy sessions, random drug screening, anger management classes, domestic violence intervention program.', 'Court Filing, Order 1, p. 23', 'Terrence Williams, Cheryl Washington, Judge Margaret Easley');
INSERT INTO timeline_events (case_id, event_date, event_time, event_type, description, source_document, parties_involved) VALUES ('2023-DR-25-0194', '2024-06-19', '10:30 AM', 'Court', 'Review hearing. Terrence Williams has not complied with on court-ordered treatment plan. Court approves modified case plan.', 'Court Filing, Order 2, p. 11', 'Terrence Williams, Cheryl Washington, Judge Margaret Easley');
INSERT INTO statements (case_id, person_id, statement_date, made_to, statement_text, source_document, page_reference) VALUES ('2023-DR-25-0194', 18, '2024-04-12', 'Case Manager', 'I love my kids. I would never hurt them. I am doing my best.', 'Court Transcript', 'p. 4');
INSERT INTO statements (case_id, person_id, statement_date, made_to, statement_text, source_document, page_reference) VALUES ('2023-DR-25-0194', 18, '2024-04-27', 'Medical Staff', 'I am going to my appointments. I just need more time', 'Court Transcript', 'p. 2');
INSERT INTO statements (case_id, person_id, statement_date, made_to, statement_text, source_document, page_reference) VALUES ('2023-DR-25-0194', 18, '2024-05-09', 'Law Enforcement', 'The report is not accurate. It was a misunderstanding.', 'Court Transcript', 'p. 7');
INSERT INTO statements (case_id, person_id, statement_date, made_to, statement_text, source_document, page_reference) VALUES ('2023-DR-25-0194', 21, '2024-05-16', 'Court', 'During my initial assessment, Terrence Williams was hostile and refused to answer questions. I have concerns about the children returning.', 'Dictation PDF', 'p. 16');
INSERT INTO statements (case_id, person_id, statement_date, made_to, statement_text, source_document, page_reference) VALUES ('2023-DR-25-0194', 21, '2024-06-19', 'Court', 'Terrence Williams has missed 3 of 12 required parenting classes. Additional supports have been offered.', 'Dictation PDF', 'p. 25');
INSERT INTO statements (case_id, person_id, statement_date, made_to, statement_text, source_document, page_reference) VALUES ('2023-DR-25-0194', 22, '2024-06-19', 'Court', 'In my assessment, further time is needed to evaluate reunification potential. I recommend reunification with safety plan.', 'GAL Report', 'p. 5');
INSERT INTO discrepancies (case_id, topic, person_a_id, person_a_account, person_b_id, person_b_account, contradicted_by, source_document) VALUES ('2023-DR-25-0194', 'Substance use', 18, 'Denies current substance use. Denies any history of use.', 17, 'Law enforcement report show evidence of impairment.', 'Lab results and case manager notes contradict self-report.', 'Drug Screen Report, Sheriff Report');
INSERT INTO discrepancies (case_id, topic, person_a_id, person_a_account, person_b_id, person_b_account, contradicted_by, source_document) VALUES ('2023-DR-25-0194', 'Compliance with treatment plan', 18, 'States active participation with court-ordered services. Claims scheduling conflicts for any gaps.', 17, 'DSS records show repeated no-shows. Bus passes were provided but unused.', 'Provider records and DSS documentation contradict parent claims of compliance.', 'Medical Records, Psychological Evaluation');
INSERT INTO discrepancies (case_id, topic, person_a_id, person_a_account, person_b_id, person_b_account, contradicted_by, source_document) VALUES ('2023-DR-25-0194', 'Home conditions', 18, 'States the home is adequate for the children. Denies any safety hazards.', 17, 'Cheryl Washington documents unsanitary conditions during home visit. Multiple visits confirmed issues.', 'Home visit report and photographs contradict parent account.', 'Treatment Progress Report, Home Visit Report');

-- Case 4: 2024-DR-42-0140
INSERT INTO cases (case_id, case_title, case_type, circuit, county, filed_date, status, plaintiff, summary) VALUES ('2024-DR-42-0140', 'DSS v. Wilson — Family Preservation', 'Family Preservation', 'Eleventh Judicial Circuit', 'Saluda', '2024-01-08', 'Active', 'SC Department of Social Services', 'Family Preservation case involving Elijah Wilson (age 4). Children removed after children found wandering outside at night without supervision. Crystal Wilson ordered to complete treatment plan including random drug screening, family therapy sessions, individual counseling, substance abuse evaluation and treatment. Case is ongoing with next hearing scheduled.');
INSERT INTO people (case_id, full_name, role, relationship, dob, notes) VALUES ('2024-DR-42-0140', 'Crystal Wilson', 'Parent', 'Mother of Elijah Wilson (age 4)', '1991-06-19', NULL);
INSERT INTO people (case_id, full_name, role, relationship, dob, notes) VALUES ('2024-DR-42-0140', 'Curtis Wilson', 'Parent', 'Father of Elijah Wilson (age 4)', '1998-10-10', NULL);
INSERT INTO people (case_id, full_name, role, relationship, dob, notes) VALUES ('2024-DR-42-0140', 'Elijah Wilson', 'Child', 'Minor child, age 4', '2020-02-28', NULL);
INSERT INTO people (case_id, full_name, role, relationship, dob, notes) VALUES ('2024-DR-42-0140', 'Jennifer Tate', 'Case Manager', 'DSS Case Manager', NULL, NULL);
INSERT INTO people (case_id, full_name, role, relationship, dob, notes) VALUES ('2024-DR-42-0140', 'Debra Whitfield', 'Guardian ad Litem', 'Court-appointed GAL', NULL, NULL);
INSERT INTO timeline_events (case_id, event_date, event_time, event_type, description, source_document, parties_involved) VALUES ('2024-DR-42-0140', '2023-12-14', '8:30 PM', 'DSS Action', 'DSS receives referral regarding Elijah Wilson. Neighbor reports concerns about child welfare.', 'DSS Intake Report, p. 4', 'Elijah Wilson, Jennifer Tate');
INSERT INTO timeline_events (case_id, event_date, event_time, event_type, description, source_document, parties_involved) VALUES ('2024-DR-42-0140', '2023-12-25', '10:45 AM', 'DSS Action', 'Jennifer Tate conducts scheduled home visit. Finds children found wandering outside at night without supervision. Crystal Wilson uncooperative and hostile.', 'Home Visit Report, p. 3', 'Jennifer Tate, Crystal Wilson');
INSERT INTO timeline_events (case_id, event_date, event_time, event_type, description, source_document, parties_involved) VALUES ('2024-DR-42-0140', '2024-01-08', '12:45 AM', 'DSS Action', 'DSS obtains emergency removal order. Elijah Wilson (age 4) placed in kinship care with relative. Crystal Wilson informed of removal and rights.', 'Court Filing, Emergency Order, p. 10', 'Jennifer Tate, Crystal Wilson, Elijah Wilson (age 4)');
INSERT INTO timeline_events (case_id, event_date, event_time, event_type, description, source_document, parties_involved) VALUES ('2024-DR-42-0140', '2024-01-20', '10:15 AM', 'Court', 'Probable cause hearing before Judge David Strickland. Court finds probable cause of abuse. Crystal Wilson present with appointed counsel. Treatment plan ordered: random drug screening, family therapy sessions, individual counseling, substance abuse evaluation and treatment.', 'Court Filing, Order 1, p. 3', 'Crystal Wilson, Jennifer Tate, Judge David Strickland');
INSERT INTO timeline_events (case_id, event_date, event_time, event_type, description, source_document, parties_involved) VALUES ('2024-DR-42-0140', '2024-02-14', '8:45 PM', 'Court', 'Review hearing. Crystal Wilson has shown some improvement on court-ordered treatment plan. Court schedules merits hearing.', 'Court Filing, Order 2, p. 26', 'Crystal Wilson, Jennifer Tate, Judge David Strickland');
INSERT INTO timeline_events (case_id, event_date, event_time, event_type, description, source_document, parties_involved) VALUES ('2024-DR-42-0140', '2024-03-04', NULL, 'Placement', 'Elijah Wilson (age 4) moved to pre-adoptive placement.', 'Placement Agreement, p. 15', 'Elijah Wilson (age 4), Jennifer Tate');
INSERT INTO timeline_events (case_id, event_date, event_time, event_type, description, source_document, parties_involved) VALUES ('2024-DR-42-0140', '2024-03-27', NULL, 'Medical', 'Psychological evaluation of Elijah Wilson completed. Referral for additional services recommended.', 'Psychological Evaluation, p. 9', 'Crystal Wilson');
INSERT INTO statements (case_id, person_id, statement_date, made_to, statement_text, source_document, page_reference) VALUES ('2024-DR-42-0140', 23, '2023-12-14', 'Court', 'I love my kids. I would never hurt them. I am doing my best.', 'Sheriff Report', 'p. 1');
INSERT INTO statements (case_id, person_id, statement_date, made_to, statement_text, source_document, page_reference) VALUES ('2024-DR-42-0140', 23, '2023-12-25', 'Case Manager', 'I am going to my appointments. I just need more time', 'Dictation PDF', 'p. 18');
INSERT INTO statements (case_id, person_id, statement_date, made_to, statement_text, source_document, page_reference) VALUES ('2024-DR-42-0140', 23, '2024-01-08', 'Medical Staff', 'The report is not accurate. Someone else was responsible.', 'Court Transcript', 'p. 1');
INSERT INTO statements (case_id, person_id, statement_date, made_to, statement_text, source_document, page_reference) VALUES ('2024-DR-42-0140', 26, '2024-01-20', 'Case Manager', 'During my initial assessment, Crystal Wilson minimized the severity of the situation. The home was not safe for children.', 'Court Transcript', 'p. 4');
INSERT INTO statements (case_id, person_id, statement_date, made_to, statement_text, source_document, page_reference) VALUES ('2024-DR-42-0140', 26, '2024-02-14', 'Court', 'Crystal Wilson has missed 3 of 12 required counseling appointments. This level of compliance is insufficient.', 'Court Transcript', 'p. 1');
INSERT INTO statements (case_id, person_id, statement_date, made_to, statement_text, source_document, page_reference) VALUES ('2024-DR-42-0140', 27, '2024-03-04', 'Court', 'In my assessment, the parent has not demonstrated ability to provide safe care. I recommend TPR and adoption planning.', 'GAL Report', 'p. 7');
INSERT INTO discrepancies (case_id, topic, person_a_id, person_a_account, person_b_id, person_b_account, contradicted_by, source_document) VALUES ('2024-DR-42-0140', 'Parenting capacity', 23, 'States is a capable parent. Claims children were happy and healthy.', 24, 'Medical records show behavioral issues emerging.', 'Medical history contradict parent account.', 'Court Filing, Court Transcript');
INSERT INTO discrepancies (case_id, topic, person_a_id, person_a_account, person_b_id, person_b_account, contradicted_by, source_document) VALUES ('2024-DR-42-0140', 'Home conditions', 23, 'States the home is temporarily messy due to moving. Denies any safety hazards.', 24, 'Jennifer Tate documents lack of food during home visit. Conditions verified by law enforcement.', 'Home visit report and photographs contradict parent account.', 'Treatment Progress Report, Drug Screen Report');
INSERT INTO discrepancies (case_id, topic, person_a_id, person_a_account, person_b_id, person_b_account, contradicted_by, source_document) VALUES ('2024-DR-42-0140', 'Substance use', 23, 'Denies current substance use. Claims only occasional recreational use.', 24, 'DSS observations show track marks observed.', 'Lab results and clinical observations contradict self-report.', 'DSS Intake Report, Dictation PDF');
INSERT INTO discrepancies (case_id, topic, person_a_id, person_a_account, person_b_id, person_b_account, contradicted_by, source_document) VALUES ('2024-DR-42-0140', 'Cause of injuries / incident', 23, 'States the child fell. Claims no knowledge of how injuries occurred.', 24, 'Witness account contradicts this account. Other parent provides conflicting version.', 'Medical records contradicts this account.', 'Placement Agreement, Medical Records');

-- Case 5: 2024-DR-21-0149
INSERT INTO cases (case_id, case_title, case_type, circuit, county, filed_date, status, plaintiff, summary) VALUES ('2024-DR-21-0149', 'DSS v. Scott — Family Preservation', 'Family Preservation', 'Third Judicial Circuit', 'Lee', '2024-10-09', 'Closed', 'SC Department of Social Services', 'Family Preservation case involving Maya Scott (age 10) and Olivia Scott (age 5). Carolyn Scott completed court-ordered treatment plan including anger management classes and psychological evaluation. Children successfully reunified with Carolyn Scott under ongoing DSS monitoring. Case closed.');
INSERT INTO people (case_id, full_name, role, relationship, dob, notes) VALUES ('2024-DR-21-0149', 'Carolyn Scott', 'Parent', 'Mother of Maya Scott (age 10) and Olivia Scott (age 5)', '1993-07-11', NULL);
INSERT INTO people (case_id, full_name, role, relationship, dob, notes) VALUES ('2024-DR-21-0149', 'Anthony Scott', 'Parent', 'Father of Maya Scott (age 10) and Olivia Scott (age 5)', '1991-06-05', NULL);
INSERT INTO people (case_id, full_name, role, relationship, dob, notes) VALUES ('2024-DR-21-0149', 'Maya Scott', 'Child', 'Minor child, age 10', '2014-04-23', NULL);
INSERT INTO people (case_id, full_name, role, relationship, dob, notes) VALUES ('2024-DR-21-0149', 'Olivia Scott', 'Child', 'Minor child, age 5', '2018-08-25', NULL);
INSERT INTO people (case_id, full_name, role, relationship, dob, notes) VALUES ('2024-DR-21-0149', 'Derek Lane', 'Case Manager', 'DSS Case Manager', NULL, NULL);
INSERT INTO people (case_id, full_name, role, relationship, dob, notes) VALUES ('2024-DR-21-0149', 'Natalie Voss', 'Guardian ad Litem', 'Court-appointed GAL', NULL, NULL);
INSERT INTO timeline_events (case_id, event_date, event_time, event_type, description, source_document, parties_involved) VALUES ('2024-DR-21-0149', '2024-09-23', '11:45 PM', 'DSS Action', 'DSS receives referral regarding Maya Scott. School reports concerns about child welfare.', 'DSS Intake Report, p. 16', 'Maya Scott, Derek Lane');
INSERT INTO timeline_events (case_id, event_date, event_time, event_type, description, source_document, parties_involved) VALUES ('2024-DR-21-0149', '2024-09-29', NULL, 'DSS Action', 'Derek Lane conducts unannounced home visit. Finds domestic violence incident witnessed by children. Carolyn Scott uncooperative and hostile.', 'Home Visit Report, p. 7', 'Derek Lane, Carolyn Scott');
INSERT INTO timeline_events (case_id, event_date, event_time, event_type, description, source_document, parties_involved) VALUES ('2024-DR-21-0149', '2024-10-09', NULL, 'DSS Action', 'DSS obtains emergency removal order. Maya Scott (age 10) and Olivia Scott (age 5) placed in kinship care with relative. Carolyn Scott informed of removal and rights.', 'Court Filing, Emergency Order, p. 30', 'Derek Lane, Carolyn Scott, Maya Scott (age 10) and Olivia Scott (age 5)');
INSERT INTO timeline_events (case_id, event_date, event_time, event_type, description, source_document, parties_involved) VALUES ('2024-DR-21-0149', '2024-10-26', NULL, 'Court', 'Probable cause hearing before Judge Robert Faircloth. Court finds probable cause of abuse. Carolyn Scott present with retained counsel. Treatment plan ordered: anger management classes, psychological evaluation, substance abuse evaluation and treatment, parenting skills classes (12 weeks).', 'Court Filing, Order 1, p. 28', 'Carolyn Scott, Derek Lane, Judge Robert Faircloth');
INSERT INTO timeline_events (case_id, event_date, event_time, event_type, description, source_document, parties_involved) VALUES ('2024-DR-21-0149', '2024-10-31', '7:45 AM', 'Court', 'Review hearing. Carolyn Scott has shown some improvement on court-ordered treatment plan. Court warns of potential TPR.', 'Court Filing, Order 2, p. 22', 'Carolyn Scott, Derek Lane, Judge Robert Faircloth');
INSERT INTO statements (case_id, person_id, statement_date, made_to, statement_text, source_document, page_reference) VALUES ('2024-DR-21-0149', 28, '2024-09-23', 'Case Manager', 'I love my babies. I would never hurt them. I just need some help.', 'Court Transcript', 'p. 3');
INSERT INTO statements (case_id, person_id, statement_date, made_to, statement_text, source_document, page_reference) VALUES ('2024-DR-21-0149', 28, '2024-09-29', 'Court', 'I am getting my life together. I just need more time', 'Sheriff Report', 'p. 12');
INSERT INTO statements (case_id, person_id, statement_date, made_to, statement_text, source_document, page_reference) VALUES ('2024-DR-21-0149', 28, '2024-10-09', 'Case Manager', 'They are exaggerating. Someone else was responsible.', 'Court Transcript', 'p. 20');
INSERT INTO statements (case_id, person_id, statement_date, made_to, statement_text, source_document, page_reference) VALUES ('2024-DR-21-0149', 32, '2024-10-26', 'Case Manager', 'During my initial assessment, Carolyn Scott was cooperative but appeared anxious. I have concerns about the children returning.', 'Home Visit Report', 'p. 8');
INSERT INTO statements (case_id, person_id, statement_date, made_to, statement_text, source_document, page_reference) VALUES ('2024-DR-21-0149', 32, '2024-10-31', 'Case Manager', 'Carolyn Scott has not enrolled in 7 of 12 required treatment sessions. This level of compliance is insufficient.', 'Court Transcript', 'p. 23');
INSERT INTO statements (case_id, person_id, statement_date, made_to, statement_text, source_document, page_reference) VALUES ('2024-DR-21-0149', 33, '2024-10-31', 'Court', 'In my assessment, further time is needed to evaluate reunification potential. I recommend TPR and adoption planning.', 'GAL Report', 'p. 16');
INSERT INTO discrepancies (case_id, topic, person_a_id, person_a_account, person_b_id, person_b_account, contradicted_by, source_document) VALUES ('2024-DR-21-0149', 'Home conditions', 28, 'States the home is clean and safe. Denies any safety hazards.', 29, 'Derek Lane documents exposed wiring during home visit. Photographs taken.', 'Home visit report and photographs contradict parent account.', 'GAL Report, DSS Intake Report');
INSERT INTO discrepancies (case_id, topic, person_a_id, person_a_account, person_b_id, person_b_account, contradicted_by, source_document) VALUES ('2024-DR-21-0149', 'Cause of injuries / incident', 28, 'States the child was already hurt. Blames the other parent.', 32, 'Physical evidence contradicts this account. Witness observed different events.', 'Physical evidence contradicts this account.', 'School Report, Treatment Progress Report');
INSERT INTO discrepancies (case_id, topic, person_a_id, person_a_account, person_b_id, person_b_account, contradicted_by, source_document) VALUES ('2024-DR-21-0149', 'Compliance with treatment plan', 28, 'States consistent attendance with court-ordered services. Claims transportation issues for any gaps.', 29, 'DSS records show dropped out of program. Bus passes were provided but unused.', 'Provider records and DSS documentation contradict parent claims of compliance.', 'Court Filing, School Report');

-- Case 6: 2024-DR-16-0189
INSERT INTO cases (case_id, case_title, case_type, circuit, county, filed_date, status, plaintiff, summary) VALUES ('2024-DR-16-0189', 'DSS v. Young — Family Preservation', 'Family Preservation', 'Thirteenth Judicial Circuit', 'Pickens', '2024-08-08', 'Active', 'SC Department of Social Services', 'Family Preservation case involving London Young (age 2). Children removed after school reported chronic absenteeism and signs of neglect. Andre Young ordered to complete treatment plan including random drug screening, gainful employment, domestic violence intervention program, individual counseling. Case is ongoing with next hearing scheduled.');
INSERT INTO people (case_id, full_name, role, relationship, dob, notes) VALUES ('2024-DR-16-0189', 'Lorraine Robinson', 'Parent', 'Mother of London Young (age 2)', '1992-09-19', NULL);
INSERT INTO people (case_id, full_name, role, relationship, dob, notes) VALUES ('2024-DR-16-0189', 'Andre Young', 'Parent', 'Father of London Young (age 2)', '1987-12-11', NULL);
INSERT INTO people (case_id, full_name, role, relationship, dob, notes) VALUES ('2024-DR-16-0189', 'London Young', 'Child', 'Minor child, age 2', '2021-08-17', NULL);
INSERT INTO people (case_id, full_name, role, relationship, dob, notes) VALUES ('2024-DR-16-0189', 'Monica Vance', 'Case Manager', 'DSS Case Manager', NULL, NULL);
INSERT INTO people (case_id, full_name, role, relationship, dob, notes) VALUES ('2024-DR-16-0189', 'Steven Marsh', 'Guardian ad Litem', 'Court-appointed GAL', NULL, NULL);
INSERT INTO timeline_events (case_id, event_date, event_time, event_type, description, source_document, parties_involved) VALUES ('2024-DR-16-0189', '2024-07-17', '3:00 PM', 'DSS Action', 'DSS receives referral regarding London Young. Neighbor reports concerns about suspected neglect.', 'DSS Intake Report, p. 14', 'London Young, Monica Vance');
INSERT INTO timeline_events (case_id, event_date, event_time, event_type, description, source_document, parties_involved) VALUES ('2024-DR-16-0189', '2024-07-26', '4:30 PM', 'DSS Action', 'Monica Vance conducts scheduled home visit. Finds school reported chronic absenteeism and signs of neglect. Andre Young uncooperative and hostile.', 'Home Visit Report, p. 17', 'Monica Vance, Andre Young');
INSERT INTO timeline_events (case_id, event_date, event_time, event_type, description, source_document, parties_involved) VALUES ('2024-DR-16-0189', '2024-08-08', '9:30 AM', 'DSS Action', 'DSS obtains emergency removal order. London Young (age 2) placed in emergency foster care. Andre Young informed of removal and rights.', 'Court Filing, Emergency Order, p. 29', 'Monica Vance, Andre Young, London Young (age 2)');
INSERT INTO timeline_events (case_id, event_date, event_time, event_type, description, source_document, parties_involved) VALUES ('2024-DR-16-0189', '2024-08-15', '8:30 AM', 'Court', 'Probable cause hearing before Judge Kenneth Fulton. Court finds probable cause of abuse. Andre Young present with retained counsel. Treatment plan ordered: random drug screening, gainful employment, domestic violence intervention program, individual counseling.', 'Court Filing, Order 1, p. 3', 'Andre Young, Monica Vance, Judge Kenneth Fulton');
INSERT INTO timeline_events (case_id, event_date, event_time, event_type, description, source_document, parties_involved) VALUES ('2024-DR-16-0189', '2024-09-05', NULL, 'Court', 'Review hearing. Andre Young has partially completed on court-ordered treatment plan. Court continues current orders.', 'Court Filing, Order 2, p. 27', 'Andre Young, Monica Vance, Judge Kenneth Fulton');
INSERT INTO timeline_events (case_id, event_date, event_time, event_type, description, source_document, parties_involved) VALUES ('2024-DR-16-0189', '2024-10-03', '8:00 AM', 'Placement', 'London Young (age 2) transferred to kinship placement.', 'Placement Agreement, p. 8', 'London Young (age 2), Monica Vance');
INSERT INTO timeline_events (case_id, event_date, event_time, event_type, description, source_document, parties_involved) VALUES ('2024-DR-16-0189', '2024-10-13', '1:30 PM', 'Medical', 'Substance abuse evaluation of London Young completed. Findings consistent with reported concerns.', 'Substance Abuse Evaluation Report, p. 15', 'London Young');
INSERT INTO statements (case_id, person_id, statement_date, made_to, statement_text, source_document, page_reference) VALUES ('2024-DR-16-0189', 35, '2024-07-17', 'Case Manager', 'I love my babies. I would never hurt them. Things have been hard.', 'Dictation PDF', 'p. 1');
INSERT INTO statements (case_id, person_id, statement_date, made_to, statement_text, source_document, page_reference) VALUES ('2024-DR-16-0189', 35, '2024-07-26', 'Medical Staff', 'I am going to my appointments. I just need more time', 'Dictation PDF', 'p. 20');
INSERT INTO statements (case_id, person_id, statement_date, made_to, statement_text, source_document, page_reference) VALUES ('2024-DR-16-0189', 35, '2024-08-08', 'Medical Staff', 'They are exaggerating. Someone else was responsible.', 'Dictation PDF', 'p. 2');
INSERT INTO statements (case_id, person_id, statement_date, made_to, statement_text, source_document, page_reference) VALUES ('2024-DR-16-0189', 37, '2024-08-15', 'Court', 'During my home visit, Andre Young appeared to be under the influence. The home was not safe for children.', 'Home Visit Report', 'p. 16');
INSERT INTO statements (case_id, person_id, statement_date, made_to, statement_text, source_document, page_reference) VALUES ('2024-DR-16-0189', 37, '2024-09-05', 'Court', 'Andre Young has attended 5 of 12 required drug screens. We recommend continued out-of-home placement.', 'Court Transcript', 'p. 21');
INSERT INTO statements (case_id, person_id, statement_date, made_to, statement_text, source_document, page_reference) VALUES ('2024-DR-16-0189', 37, '2024-10-03', 'Case Manager', 'I observed supervised visitation on 2024-05-20. The placement is stable and appropriate.', 'Home Visit Report', 'p. 25');
INSERT INTO statements (case_id, person_id, statement_date, made_to, statement_text, source_document, page_reference) VALUES ('2024-DR-16-0189', 38, '2024-10-13', 'Court', 'In my assessment, the parent has not demonstrated ability to provide safe care. I recommend continued out-of-home placement.', 'GAL Report', 'p. 4');
INSERT INTO discrepancies (case_id, topic, person_a_id, person_a_account, person_b_id, person_b_account, contradicted_by, source_document) VALUES ('2024-DR-16-0189', 'Compliance with treatment plan', 35, 'States best effort with court-ordered services. Claims transportation issues for any gaps.', 37, 'DSS records show minimal attendance. No documentation of completion submitted.', 'Provider records and DSS documentation contradict parent claims of compliance.', 'Sheriff Report, Sheriff Report');
INSERT INTO discrepancies (case_id, topic, person_a_id, person_a_account, person_b_id, person_b_account, contradicted_by, source_document) VALUES ('2024-DR-16-0189', 'Substance use', 35, 'Denies current drug use. Denies any history of use.', 34, 'Law enforcement report show evidence of impairment.', 'Lab results and clinical observations contradict self-report.', 'Court Transcript, Court Filing');
INSERT INTO discrepancies (case_id, topic, person_a_id, person_a_account, person_b_id, person_b_account, contradicted_by, source_document) VALUES ('2024-DR-16-0189', 'Home conditions', 35, 'States the home is being improved. Denies any safety hazards.', 37, 'Monica Vance documents unsanitary conditions during home visit. Multiple visits confirmed issues.', 'Home visit report and photographs contradict parent account.', 'Court Transcript, GAL Report');

-- Case 7: 2024-DR-25-0177
INSERT INTO cases (case_id, case_title, case_type, circuit, county, filed_date, status, plaintiff, summary) VALUES ('2024-DR-25-0177', 'DSS v. Green — Child Neglect', 'Child Neglect', 'Seventh Judicial Circuit', 'Spartanburg', '2025-03-23', 'Active', 'SC Department of Social Services', 'Child Neglect case involving Bryce Green (age 6). Children removed after parent arrested on drug charges with children in vehicle. Gloria Edwards ordered to complete treatment plan including individual counseling, gainful employment, random drug screening. Case is ongoing with next hearing scheduled.');
INSERT INTO people (case_id, full_name, role, relationship, dob, notes) VALUES ('2024-DR-25-0177', 'Gloria Edwards', 'Parent', 'Mother of Bryce Green (age 6)', '1988-12-17', NULL);
INSERT INTO people (case_id, full_name, role, relationship, dob, notes) VALUES ('2024-DR-25-0177', 'Clarence Green', 'Parent', 'Father of Bryce Green (age 6)', '1992-04-13', NULL);
INSERT INTO people (case_id, full_name, role, relationship, dob, notes) VALUES ('2024-DR-25-0177', 'Bryce Green', 'Child', 'Minor child, age 6', '2018-04-18', NULL);
INSERT INTO people (case_id, full_name, role, relationship, dob, notes) VALUES ('2024-DR-25-0177', 'James Patterson', 'Case Manager', 'DSS Case Manager', NULL, NULL);
INSERT INTO people (case_id, full_name, role, relationship, dob, notes) VALUES ('2024-DR-25-0177', 'Caroline Fisher', 'Guardian ad Litem', 'Court-appointed GAL', NULL, NULL);
INSERT INTO timeline_events (case_id, event_date, event_time, event_type, description, source_document, parties_involved) VALUES ('2024-DR-25-0177', '2025-02-18', '5:15 PM', 'DSS Action', 'DSS receives referral regarding Bryce Green. Anonymous tipline reports concerns about suspected abuse.', 'DSS Intake Report, p. 6', 'Bryce Green, James Patterson');
INSERT INTO timeline_events (case_id, event_date, event_time, event_type, description, source_document, parties_involved) VALUES ('2024-DR-25-0177', '2025-03-02', '3:00 PM', 'DSS Action', 'James Patterson conducts unannounced home visit. Finds parent arrested on drug charges with children in vehicle. Gloria Edwards not present at the home.', 'Home Visit Report, p. 2', 'James Patterson, Gloria Edwards');
INSERT INTO timeline_events (case_id, event_date, event_time, event_type, description, source_document, parties_involved) VALUES ('2024-DR-25-0177', '2025-03-23', '12:00 PM', 'DSS Action', 'DSS obtains emergency removal order. Bryce Green (age 6) placed in kinship care with relative. Gloria Edwards informed of removal and rights.', 'Court Filing, Emergency Order, p. 23', 'James Patterson, Gloria Edwards, Bryce Green (age 6)');
INSERT INTO timeline_events (case_id, event_date, event_time, event_type, description, source_document, parties_involved) VALUES ('2024-DR-25-0177', '2025-04-10', '1:15 PM', 'Court', 'Probable cause hearing before Judge Margaret Easley. Court finds probable cause of neglect. Gloria Edwards present with retained counsel. Treatment plan ordered: individual counseling, gainful employment, random drug screening.', 'Court Filing, Order 1, p. 5', 'Gloria Edwards, James Patterson, Judge Margaret Easley');
INSERT INTO timeline_events (case_id, event_date, event_time, event_type, description, source_document, parties_involved) VALUES ('2024-DR-25-0177', '2025-04-14', '4:30 PM', 'Court', 'Review hearing. Gloria Edwards has shown some improvement on court-ordered treatment plan. Court continues current orders.', 'Court Filing, Order 2, p. 27', 'Gloria Edwards, James Patterson, Judge Margaret Easley');
INSERT INTO timeline_events (case_id, event_date, event_time, event_type, description, source_document, parties_involved) VALUES ('2024-DR-25-0177', '2025-04-27', '9:45 AM', 'Placement', 'Bryce Green (age 6) placed with licensed foster family.', 'Placement Agreement, p. 27', 'Bryce Green (age 6), James Patterson');
INSERT INTO statements (case_id, person_id, statement_date, made_to, statement_text, source_document, page_reference) VALUES ('2024-DR-25-0177', 39, '2025-02-18', 'Law Enforcement', 'I love my children. I would never hurt them. I just need some help.', 'Court Transcript', 'p. 22');
INSERT INTO statements (case_id, person_id, statement_date, made_to, statement_text, source_document, page_reference) VALUES ('2024-DR-25-0177', 39, '2025-03-02', 'Case Manager', 'I am clean now. I have been following the case plan', 'Dictation PDF', 'p. 12');
INSERT INTO statements (case_id, person_id, statement_date, made_to, statement_text, source_document, page_reference) VALUES ('2024-DR-25-0177', 39, '2025-03-23', 'Case Manager', 'They are exaggerating. It was a misunderstanding.', 'Dictation PDF', 'p. 11');
INSERT INTO statements (case_id, person_id, statement_date, made_to, statement_text, source_document, page_reference) VALUES ('2024-DR-25-0177', 42, '2025-04-10', 'Court', 'During my initial assessment, Gloria Edwards was hostile and refused to answer questions. The home was not safe for children.', 'Dictation PDF', 'p. 5');
INSERT INTO statements (case_id, person_id, statement_date, made_to, statement_text, source_document, page_reference) VALUES ('2024-DR-25-0177', 43, '2025-04-14', 'Court', 'In my assessment, the parent has not demonstrated ability to provide safe care. I recommend continued out-of-home placement.', 'GAL Report', 'p. 13');
INSERT INTO discrepancies (case_id, topic, person_a_id, person_a_account, person_b_id, person_b_account, contradicted_by, source_document) VALUES ('2024-DR-25-0177', 'Parenting capacity', 39, 'States children were always cared for. Blames circumstances, not parenting.', 40, 'Foster care reports show children expressed fear of returning home.', 'School attendance records contradict parent account.', 'Sheriff Report, Dictation PDF');
INSERT INTO discrepancies (case_id, topic, person_a_id, person_a_account, person_b_id, person_b_account, contradicted_by, source_document) VALUES ('2024-DR-25-0177', 'Compliance with treatment plan', 39, 'States best effort with court-ordered services. Claims scheduling conflicts for any gaps.', 42, 'DSS records show minimal attendance. No documentation of completion submitted.', 'Provider records and DSS documentation contradict parent claims of compliance.', 'Medical Records, Dictation PDF');
INSERT INTO discrepancies (case_id, topic, person_a_id, person_a_account, person_b_id, person_b_account, contradicted_by, source_document) VALUES ('2024-DR-25-0177', 'Substance use', 39, 'Denies current drug use. Claims only occasional recreational use.', 42, 'Law enforcement report show evidence of impairment.', 'Lab results and clinical observations contradict self-report.', 'Sheriff Report, GAL Report');

-- Case 8: 2024-DR-22-0165
INSERT INTO cases (case_id, case_title, case_type, circuit, county, filed_date, status, plaintiff, summary) VALUES ('2024-DR-22-0165', 'DSS v. Nelson — TPR', 'Termination of Parental Rights', 'Fourth Judicial Circuit', 'Chesterfield', '2023-04-08', 'Closed', 'SC Department of Social Services', 'Termination of Parental Rights case involving Faith Nelson (age 8) and Heaven Nelson (age 9). Shonda Nelson completed court-ordered treatment plan including gainful employment and substance abuse evaluation and treatment. Children successfully reunified with Shonda Nelson under ongoing DSS monitoring. Case closed.');
INSERT INTO people (case_id, full_name, role, relationship, dob, notes) VALUES ('2024-DR-22-0165', 'Shonda Nelson', 'Parent', 'Mother of Faith Nelson (age 8) and Heaven Nelson (age 9)', '1993-08-12', NULL);
INSERT INTO people (case_id, full_name, role, relationship, dob, notes) VALUES ('2024-DR-22-0165', 'Darrell Nelson', 'Parent', 'Father of Faith Nelson (age 8) and Heaven Nelson (age 9)', '1983-06-21', NULL);
INSERT INTO people (case_id, full_name, role, relationship, dob, notes) VALUES ('2024-DR-22-0165', 'Faith Nelson', 'Child', 'Minor child, age 8', '2016-05-17', NULL);
INSERT INTO people (case_id, full_name, role, relationship, dob, notes) VALUES ('2024-DR-22-0165', 'Heaven Nelson', 'Child', 'Minor child, age 9', '2015-04-18', NULL);
INSERT INTO people (case_id, full_name, role, relationship, dob, notes) VALUES ('2024-DR-22-0165', 'Sandra Reeves', 'Case Manager', 'DSS Case Manager', NULL, NULL);
INSERT INTO people (case_id, full_name, role, relationship, dob, notes) VALUES ('2024-DR-22-0165', 'Valerie Dunn', 'Guardian ad Litem', 'Court-appointed GAL', NULL, NULL);
INSERT INTO timeline_events (case_id, event_date, event_time, event_type, description, source_document, parties_involved) VALUES ('2024-DR-22-0165', '2023-03-13', '6:00 AM', 'DSS Action', 'DSS receives referral regarding Faith Nelson. School reports concerns about suspected abuse.', 'DSS Intake Report, p. 30', 'Faith Nelson, Sandra Reeves');
INSERT INTO timeline_events (case_id, event_date, event_time, event_type, description, source_document, parties_involved) VALUES ('2024-DR-22-0165', '2023-03-22', NULL, 'DSS Action', 'Sandra Reeves conducts scheduled home visit. Finds home environment found to be unsanitary with animal waste and spoiled food. Shonda Nelson not present at the home.', 'Home Visit Report, p. 16', 'Sandra Reeves, Shonda Nelson');
INSERT INTO timeline_events (case_id, event_date, event_time, event_type, description, source_document, parties_involved) VALUES ('2024-DR-22-0165', '2023-04-08', '1:45 AM', 'DSS Action', 'DSS obtains emergency removal order. Faith Nelson (age 8) and Heaven Nelson (age 9) placed in emergency foster care. Shonda Nelson informed of removal and rights.', 'Court Filing, Emergency Order, p. 17', 'Sandra Reeves, Shonda Nelson, Faith Nelson (age 8) and Heaven Nelson (age 9)');
INSERT INTO timeline_events (case_id, event_date, event_time, event_type, description, source_document, parties_involved) VALUES ('2024-DR-22-0165', '2023-04-26', NULL, 'Court', 'Probable cause hearing before Judge William Harmon. Court finds probable cause of abuse. Shonda Nelson present with retained counsel. Treatment plan ordered: gainful employment, substance abuse evaluation and treatment, stable housing.', 'Court Filing, Order 1, p. 9', 'Shonda Nelson, Sandra Reeves, Judge William Harmon');
INSERT INTO timeline_events (case_id, event_date, event_time, event_type, description, source_document, parties_involved) VALUES ('2024-DR-22-0165', '2023-05-11', '3:00 PM', 'Court', 'Review hearing. Shonda Nelson has made minimal progress on court-ordered treatment plan. Court continues current orders.', 'Court Filing, Order 2, p. 4', 'Shonda Nelson, Sandra Reeves, Judge William Harmon');
INSERT INTO statements (case_id, person_id, statement_date, made_to, statement_text, source_document, page_reference) VALUES ('2024-DR-22-0165', 44, '2023-03-13', 'Medical Staff', 'I love my children. I would never hurt them. I just need some help.', 'Sheriff Report', 'p. 18');
INSERT INTO statements (case_id, person_id, statement_date, made_to, statement_text, source_document, page_reference) VALUES ('2024-DR-22-0165', 44, '2023-03-22', 'Medical Staff', 'I am clean now. I want my kids back', 'Court Transcript', 'p. 1');
INSERT INTO statements (case_id, person_id, statement_date, made_to, statement_text, source_document, page_reference) VALUES ('2024-DR-22-0165', 44, '2023-04-08', 'Court', 'I was not there when that happened. I can explain.', 'Sheriff Report', 'p. 16');
INSERT INTO statements (case_id, person_id, statement_date, made_to, statement_text, source_document, page_reference) VALUES ('2024-DR-22-0165', 48, '2023-04-26', 'Court', 'During my initial assessment, Shonda Nelson was hostile and refused to answer questions. Progress has been made but is insufficient.', 'Home Visit Report', 'p. 14');
INSERT INTO statements (case_id, person_id, statement_date, made_to, statement_text, source_document, page_reference) VALUES ('2024-DR-22-0165', 48, '2023-05-11', 'Court', 'Shonda Nelson has not enrolled in 5 of 12 required drug screens. This level of compliance is insufficient.', 'Court Transcript', 'p. 20');
INSERT INTO statements (case_id, person_id, statement_date, made_to, statement_text, source_document, page_reference) VALUES ('2024-DR-22-0165', 49, '2023-05-11', 'Court', 'In my assessment, the parent has not demonstrated ability to provide safe care. I recommend TPR and adoption planning.', 'GAL Report', 'p. 7');
INSERT INTO discrepancies (case_id, topic, person_a_id, person_a_account, person_b_id, person_b_account, contradicted_by, source_document) VALUES ('2024-DR-22-0165', 'Compliance with treatment plan', 44, 'States best effort with court-ordered services. Claims transportation issues for any gaps.', 45, 'DSS records show incomplete requirements. Providers confirm non-attendance.', 'Provider records and DSS documentation contradict parent claims of compliance.', 'Court Transcript, GAL Report');
INSERT INTO discrepancies (case_id, topic, person_a_id, person_a_account, person_b_id, person_b_account, contradicted_by, source_document) VALUES ('2024-DR-22-0165', 'Substance use', 44, 'Denies current drug use. Claims only occasional recreational use.', 48, 'Drug screen results show drug paraphernalia in home.', 'Lab results and case manager notes contradict self-report.', 'Court Transcript, Psychological Evaluation');

-- Case 9: 2024-DR-10-0261
INSERT INTO cases (case_id, case_title, case_type, circuit, county, filed_date, status, plaintiff, summary) VALUES ('2024-DR-10-0261', 'DSS v. Webb — Emergency Removal', 'Emergency Removal', 'Seventh Judicial Circuit', 'Spartanburg', '2023-05-27', 'Active', 'SC Department of Social Services', 'Emergency Removal case involving Faith Webb (age 1). Children removed after children left unsupervised for extended period. William Webb ordered to complete treatment plan including stable housing, random drug screening, substance abuse evaluation and treatment. Case is ongoing with next hearing scheduled.');
INSERT INTO people (case_id, full_name, role, relationship, dob, notes) VALUES ('2024-DR-10-0261', 'Patricia Lewis', 'Parent', 'Mother of Faith Webb (age 1)', '1985-01-03', NULL);
INSERT INTO people (case_id, full_name, role, relationship, dob, notes) VALUES ('2024-DR-10-0261', 'William Webb', 'Parent', 'Father of Faith Webb (age 1)', '1997-04-18', NULL);
INSERT INTO people (case_id, full_name, role, relationship, dob, notes) VALUES ('2024-DR-10-0261', 'Faith Webb', 'Child', 'Minor child, age 1', '2023-03-27', NULL);
INSERT INTO people (case_id, full_name, role, relationship, dob, notes) VALUES ('2024-DR-10-0261', 'Donna Sullivan', 'Case Manager', 'DSS Case Manager', NULL, NULL);
INSERT INTO people (case_id, full_name, role, relationship, dob, notes) VALUES ('2024-DR-10-0261', 'Natalie Voss', 'Guardian ad Litem', 'Court-appointed GAL', NULL, NULL);
INSERT INTO timeline_events (case_id, event_date, event_time, event_type, description, source_document, parties_involved) VALUES ('2024-DR-10-0261', '2023-04-20', '6:30 AM', 'DSS Action', 'DSS receives referral regarding Faith Webb. Neighbor reports concerns about home conditions.', 'DSS Intake Report, p. 30', 'Faith Webb, Donna Sullivan');
INSERT INTO timeline_events (case_id, event_date, event_time, event_type, description, source_document, parties_involved) VALUES ('2024-DR-10-0261', '2023-05-16', NULL, 'DSS Action', 'Donna Sullivan conducts scheduled home visit. Finds children left unsupervised for extended period. William Webb cooperative but defensive.', 'Home Visit Report, p. 24', 'Donna Sullivan, William Webb');
INSERT INTO timeline_events (case_id, event_date, event_time, event_type, description, source_document, parties_involved) VALUES ('2024-DR-10-0261', '2023-05-27', '10:30 AM', 'DSS Action', 'DSS obtains emergency removal order. Faith Webb (age 1) placed in emergency foster care. William Webb informed of removal and rights.', 'Court Filing, Emergency Order, p. 9', 'Donna Sullivan, William Webb, Faith Webb (age 1)');
INSERT INTO timeline_events (case_id, event_date, event_time, event_type, description, source_document, parties_involved) VALUES ('2024-DR-10-0261', '2023-06-13', '8:30 PM', 'Court', 'Probable cause hearing before Judge Harold Wynn. Court finds probable cause of abuse. William Webb present with retained counsel. Treatment plan ordered: stable housing, random drug screening, substance abuse evaluation and treatment.', 'Court Filing, Order 1, p. 27', 'William Webb, Donna Sullivan, Judge Harold Wynn');
INSERT INTO timeline_events (case_id, event_date, event_time, event_type, description, source_document, parties_involved) VALUES ('2024-DR-10-0261', '2023-06-21', NULL, 'Court', 'Review hearing. William Webb has not complied with on court-ordered treatment plan. Court warns of potential TPR.', 'Court Filing, Order 2, p. 17', 'William Webb, Donna Sullivan, Judge Harold Wynn');
INSERT INTO timeline_events (case_id, event_date, event_time, event_type, description, source_document, parties_involved) VALUES ('2024-DR-10-0261', '2023-07-21', NULL, 'Placement', 'Faith Webb (age 1) moved to pre-adoptive placement.', 'Placement Agreement, p. 21', 'Faith Webb (age 1), Donna Sullivan');
INSERT INTO statements (case_id, person_id, statement_date, made_to, statement_text, source_document, page_reference) VALUES ('2024-DR-10-0261', 51, '2023-04-20', 'Case Manager', 'I love my babies. I would never hurt them. Things have been hard.', 'Court Transcript', 'p. 7');
INSERT INTO statements (case_id, person_id, statement_date, made_to, statement_text, source_document, page_reference) VALUES ('2024-DR-10-0261', 51, '2023-05-16', 'Court', 'I am going to my appointments. I am willing to do whatever it takes', 'Dictation PDF', 'p. 10');
INSERT INTO statements (case_id, person_id, statement_date, made_to, statement_text, source_document, page_reference) VALUES ('2024-DR-10-0261', 51, '2023-05-27', 'Court', 'They are exaggerating. It was a misunderstanding.', 'Court Transcript', 'p. 24');
INSERT INTO statements (case_id, person_id, statement_date, made_to, statement_text, source_document, page_reference) VALUES ('2024-DR-10-0261', 53, '2023-06-13', 'Court', 'During my office interview, William Webb was hostile and refused to answer questions. The home was not safe for children.', 'Dictation PDF', 'p. 2');
INSERT INTO statements (case_id, person_id, statement_date, made_to, statement_text, source_document, page_reference) VALUES ('2024-DR-10-0261', 53, '2023-06-21', 'Court', 'William Webb has not enrolled in 5 of 12 required drug screens. Additional supports have been offered.', 'Dictation PDF', 'p. 20');
INSERT INTO statements (case_id, person_id, statement_date, made_to, statement_text, source_document, page_reference) VALUES ('2024-DR-10-0261', 53, '2023-07-21', 'Court', 'I reviewed school records on 2025-02-24. The children expressed desire to return home.', 'Court Transcript', 'p. 2');
INSERT INTO statements (case_id, person_id, statement_date, made_to, statement_text, source_document, page_reference) VALUES ('2024-DR-10-0261', 54, '2023-07-21', 'Court', 'In my assessment, the parent has not demonstrated ability to provide safe care. I recommend a permanency hearing be scheduled.', 'GAL Report', 'p. 21');
INSERT INTO discrepancies (case_id, topic, person_a_id, person_a_account, person_b_id, person_b_account, contradicted_by, source_document) VALUES ('2024-DR-10-0261', 'Compliance with treatment plan', 51, 'States active participation with court-ordered services. Claims provider delays for any gaps.', 50, 'DSS records show dropped out of program. Alternative appointments were offered and declined.', 'Provider records and DSS documentation contradict parent claims of compliance.', 'Home Visit Report, Drug Screen Report');
INSERT INTO discrepancies (case_id, topic, person_a_id, person_a_account, person_b_id, person_b_account, contradicted_by, source_document) VALUES ('2024-DR-10-0261', 'Substance use', 51, 'Denies current drug use. States use was in the past.', 53, 'Drug screen results show drug paraphernalia in home.', 'Lab results and clinical observations contradict self-report.', 'Medical Records, DSS Intake Report');

-- Case 10: 2025-DR-45-0184
INSERT INTO cases (case_id, case_title, case_type, circuit, county, filed_date, status, plaintiff, summary) VALUES ('2025-DR-45-0184', 'DSS v. Morris — TPR', 'Termination of Parental Rights', 'Fifth Judicial Circuit', 'Richland', '2023-05-14', 'Dismissed', 'SC Department of Social Services', 'Termination of Parental Rights case involving Nia Morris (age 4) and Devonte Morris (age 2). Investigation found insufficient evidence to substantiate allegations. Case dismissed by Judge Harold Wynn.');
INSERT INTO people (case_id, full_name, role, relationship, dob, notes) VALUES ('2025-DR-45-0184', 'Deborah Morris', 'Parent', 'Mother of Nia Morris (age 4) and Devonte Morris (age 2)', '1997-04-12', NULL);
INSERT INTO people (case_id, full_name, role, relationship, dob, notes) VALUES ('2025-DR-45-0184', 'Mitchell Morris', 'Parent', 'Father of Nia Morris (age 4) and Devonte Morris (age 2)', '1987-10-03', NULL);
INSERT INTO people (case_id, full_name, role, relationship, dob, notes) VALUES ('2025-DR-45-0184', 'Nia Morris', 'Child', 'Minor child, age 4', '2019-07-22', NULL);
INSERT INTO people (case_id, full_name, role, relationship, dob, notes) VALUES ('2025-DR-45-0184', 'Devonte Morris', 'Child', 'Minor child, age 2', '2022-03-09', NULL);
INSERT INTO people (case_id, full_name, role, relationship, dob, notes) VALUES ('2025-DR-45-0184', 'Jennifer Tate', 'Case Manager', 'DSS Case Manager', NULL, NULL);
INSERT INTO people (case_id, full_name, role, relationship, dob, notes) VALUES ('2025-DR-45-0184', 'Thomas Reed', 'Guardian ad Litem', 'Court-appointed GAL', NULL, NULL);
INSERT INTO timeline_events (case_id, event_date, event_time, event_type, description, source_document, parties_involved) VALUES ('2025-DR-45-0184', '2023-04-19', '7:15 PM', 'DSS Action', 'DSS receives referral regarding Nia Morris. Neighbor reports concerns about home conditions.', 'DSS Intake Report, p. 25', 'Nia Morris, Jennifer Tate');
INSERT INTO timeline_events (case_id, event_date, event_time, event_type, description, source_document, parties_involved) VALUES ('2025-DR-45-0184', '2023-05-03', '10:45 PM', 'DSS Action', 'Jennifer Tate conducts scheduled home visit. Finds children found wandering outside at night without supervision. Deborah Morris not present at the home.', 'Home Visit Report, p. 3', 'Jennifer Tate, Deborah Morris');
INSERT INTO timeline_events (case_id, event_date, event_time, event_type, description, source_document, parties_involved) VALUES ('2025-DR-45-0184', '2023-05-14', '1:00 PM', 'DSS Action', 'DSS obtains emergency removal order. Nia Morris (age 4) and Devonte Morris (age 2) placed in kinship care with relative. Deborah Morris informed of removal and rights.', 'Court Filing, Emergency Order, p. 25', 'Jennifer Tate, Deborah Morris, Nia Morris (age 4) and Devonte Morris (age 2)');
INSERT INTO timeline_events (case_id, event_date, event_time, event_type, description, source_document, parties_involved) VALUES ('2025-DR-45-0184', '2023-05-28', '9:30 AM', 'Court', 'Probable cause hearing before Judge Harold Wynn. Court finds probable cause of abuse. Deborah Morris present with appointed counsel. Treatment plan ordered: stable housing, family therapy sessions, substance abuse evaluation and treatment.', 'Court Filing, Order 1, p. 25', 'Deborah Morris, Jennifer Tate, Judge Harold Wynn');
INSERT INTO timeline_events (case_id, event_date, event_time, event_type, description, source_document, parties_involved) VALUES ('2025-DR-45-0184', '2023-06-10', '6:30 PM', 'Court', 'Review hearing. Deborah Morris has made minimal progress on court-ordered treatment plan. Court warns of potential TPR.', 'Court Filing, Order 2, p. 20', 'Deborah Morris, Jennifer Tate, Judge Harold Wynn');
INSERT INTO timeline_events (case_id, event_date, event_time, event_type, description, source_document, parties_involved) VALUES ('2025-DR-45-0184', '2023-06-11', '9:30 AM', 'Placement', 'Nia Morris (age 4) and Devonte Morris (age 2) moved to pre-adoptive placement.', 'Placement Agreement, p. 28', 'Nia Morris (age 4) and Devonte Morris (age 2), Jennifer Tate');
INSERT INTO statements (case_id, person_id, statement_date, made_to, statement_text, source_document, page_reference) VALUES ('2025-DR-45-0184', 55, '2023-04-19', 'Medical Staff', 'I love my babies. I would never hurt them. I am doing my best.', 'Sheriff Report', 'p. 3');
INSERT INTO statements (case_id, person_id, statement_date, made_to, statement_text, source_document, page_reference) VALUES ('2025-DR-45-0184', 55, '2023-05-03', 'Medical Staff', 'I am going to my appointments. I just need more time', 'Court Transcript', 'p. 22');
INSERT INTO statements (case_id, person_id, statement_date, made_to, statement_text, source_document, page_reference) VALUES ('2025-DR-45-0184', 55, '2023-05-14', 'Medical Staff', 'The report is not accurate. It was a misunderstanding.', 'Court Transcript', 'p. 22');
INSERT INTO statements (case_id, person_id, statement_date, made_to, statement_text, source_document, page_reference) VALUES ('2025-DR-45-0184', 59, '2023-05-28', 'Court', 'During my initial assessment, Deborah Morris appeared to be under the influence. The home was not safe for children.', 'Dictation PDF', 'p. 10');
INSERT INTO statements (case_id, person_id, statement_date, made_to, statement_text, source_document, page_reference) VALUES ('2025-DR-45-0184', 59, '2023-06-10', 'Court', 'Deborah Morris has attended 5 of 12 required drug screens. We recommend continued out-of-home placement.', 'Dictation PDF', 'p. 23');
INSERT INTO statements (case_id, person_id, statement_date, made_to, statement_text, source_document, page_reference) VALUES ('2025-DR-45-0184', 59, '2023-06-11', 'Court', 'I observed supervised visitation on 2025-01-30. The children are adjusting well.', 'Dictation PDF', 'p. 8');
INSERT INTO statements (case_id, person_id, statement_date, made_to, statement_text, source_document, page_reference) VALUES ('2025-DR-45-0184', 60, '2023-06-11', 'Court', 'In my assessment, the parent has not demonstrated ability to provide safe care. I recommend a permanency hearing be scheduled.', 'GAL Report', 'p. 18');
INSERT INTO discrepancies (case_id, topic, person_a_id, person_a_account, person_b_id, person_b_account, contradicted_by, source_document) VALUES ('2025-DR-45-0184', 'Cause of injuries / incident', 55, 'States the child fell. Reports child fell from furniture.', 59, 'Witness account contradicts this account. Other parent provides conflicting version.', 'Medical records contradicts this account.', 'DSS Intake Report, Home Visit Report');
INSERT INTO discrepancies (case_id, topic, person_a_id, person_a_account, person_b_id, person_b_account, contradicted_by, source_document) VALUES ('2025-DR-45-0184', 'Home conditions', 55, 'States the home is adequate for the children. Denies any safety hazards.', 59, 'Jennifer Tate documents lack of food during home visit. Photographs taken.', 'Home visit report and photographs contradict parent account.', 'Sheriff Report, Medical Records');

-- Case 11: 2024-DR-46-0201
INSERT INTO cases (case_id, case_title, case_type, circuit, county, filed_date, status, plaintiff, summary) VALUES ('2024-DR-46-0201', 'DSS v. Cox — Child Neglect', 'Child Neglect', 'Eighth Judicial Circuit', 'Abbeville', '2023-04-16', 'Active', 'SC Department of Social Services', 'Child Neglect case involving Kaden Cox (age 3) and Faith Cox (age 6). Children removed after parent arrested on drug charges with children in vehicle. Bridget Nelson ordered to complete treatment plan including parenting skills classes (12 weeks), gainful employment, substance abuse evaluation and treatment. Case is ongoing with next hearing scheduled.');
INSERT INTO people (case_id, full_name, role, relationship, dob, notes) VALUES ('2024-DR-46-0201', 'Bridget Nelson', 'Parent', 'Mother of Kaden Cox (age 3) and Faith Cox (age 6)', '1999-05-08', NULL);
INSERT INTO people (case_id, full_name, role, relationship, dob, notes) VALUES ('2024-DR-46-0201', 'Wesley Cox', 'Parent', 'Father of Kaden Cox (age 3) and Faith Cox (age 6)', '1982-10-15', NULL);
INSERT INTO people (case_id, full_name, role, relationship, dob, notes) VALUES ('2024-DR-46-0201', 'Kaden Cox', 'Child', 'Minor child, age 3', '2020-11-02', NULL);
INSERT INTO people (case_id, full_name, role, relationship, dob, notes) VALUES ('2024-DR-46-0201', 'Faith Cox', 'Child', 'Minor child, age 6', '2017-12-25', NULL);
INSERT INTO people (case_id, full_name, role, relationship, dob, notes) VALUES ('2024-DR-46-0201', 'Brian Colbert', 'Case Manager', 'DSS Case Manager', NULL, NULL);
INSERT INTO people (case_id, full_name, role, relationship, dob, notes) VALUES ('2024-DR-46-0201', 'Howard Grant', 'Guardian ad Litem', 'Court-appointed GAL', NULL, NULL);
INSERT INTO timeline_events (case_id, event_date, event_time, event_type, description, source_document, parties_involved) VALUES ('2024-DR-46-0201', '2023-03-09', NULL, 'DSS Action', 'DSS receives referral regarding Kaden Cox. Anonymous tipline reports concerns about suspected abuse.', 'DSS Intake Report, p. 21', 'Kaden Cox, Brian Colbert');
INSERT INTO timeline_events (case_id, event_date, event_time, event_type, description, source_document, parties_involved) VALUES ('2024-DR-46-0201', '2023-04-01', '3:45 AM', 'DSS Action', 'Brian Colbert conducts unannounced home visit. Finds parent arrested on drug charges with children in vehicle. Bridget Nelson not present at the home.', 'Home Visit Report, p. 2', 'Brian Colbert, Bridget Nelson');
INSERT INTO timeline_events (case_id, event_date, event_time, event_type, description, source_document, parties_involved) VALUES ('2024-DR-46-0201', '2023-04-16', '2:15 PM', 'DSS Action', 'DSS obtains emergency removal order. Kaden Cox (age 3) and Faith Cox (age 6) placed in kinship care with relative. Bridget Nelson informed of removal and rights.', 'Court Filing, Emergency Order, p. 27', 'Brian Colbert, Bridget Nelson, Kaden Cox (age 3) and Faith Cox (age 6)');
INSERT INTO timeline_events (case_id, event_date, event_time, event_type, description, source_document, parties_involved) VALUES ('2024-DR-46-0201', '2023-05-06', '11:45 PM', 'Court', 'Probable cause hearing before Judge Kenneth Fulton. Court finds probable cause of neglect. Bridget Nelson present with retained counsel. Treatment plan ordered: parenting skills classes (12 weeks), gainful employment, substance abuse evaluation and treatment.', 'Court Filing, Order 1, p. 30', 'Bridget Nelson, Brian Colbert, Judge Kenneth Fulton');
INSERT INTO timeline_events (case_id, event_date, event_time, event_type, description, source_document, parties_involved) VALUES ('2024-DR-46-0201', '2023-05-08', '7:15 PM', 'Court', 'Review hearing. Bridget Nelson has not complied with on court-ordered treatment plan. Court continues current orders.', 'Court Filing, Order 2, p. 6', 'Bridget Nelson, Brian Colbert, Judge Kenneth Fulton');
INSERT INTO timeline_events (case_id, event_date, event_time, event_type, description, source_document, parties_involved) VALUES ('2024-DR-46-0201', '2023-05-18', NULL, 'Placement', 'Kaden Cox (age 3) and Faith Cox (age 6) moved to pre-adoptive placement.', 'Placement Agreement, p. 29', 'Kaden Cox (age 3) and Faith Cox (age 6), Brian Colbert');
INSERT INTO timeline_events (case_id, event_date, event_time, event_type, description, source_document, parties_involved) VALUES ('2024-DR-46-0201', '2023-05-31', '4:30 AM', 'Medical', 'Medical examination of Bridget Nelson completed. Results pending.', 'Substance Abuse Evaluation Report, p. 5', 'Kaden Cox');
INSERT INTO timeline_events (case_id, event_date, event_time, event_type, description, source_document, parties_involved) VALUES ('2024-DR-46-0201', '2023-06-09', NULL, 'Law Enforcement', 'Police officer serves protective order. Referred to family court.', 'Sheriff Report, p. 22', 'Bridget Nelson, Wesley Cox');
INSERT INTO statements (case_id, person_id, statement_date, made_to, statement_text, source_document, page_reference) VALUES ('2024-DR-46-0201', 61, '2023-03-09', 'Case Manager', 'I love my kids. I would never hurt them. I know I made mistakes.', 'Dictation PDF', 'p. 20');
INSERT INTO statements (case_id, person_id, statement_date, made_to, statement_text, source_document, page_reference) VALUES ('2024-DR-46-0201', 61, '2023-04-01', 'Court', 'I am getting my life together. I have been following the case plan', 'Sheriff Report', 'p. 22');
INSERT INTO statements (case_id, person_id, statement_date, made_to, statement_text, source_document, page_reference) VALUES ('2024-DR-46-0201', 61, '2023-04-16', 'Court', 'The report is not accurate. Someone else was responsible.', 'Sheriff Report', 'p. 25');
INSERT INTO statements (case_id, person_id, statement_date, made_to, statement_text, source_document, page_reference) VALUES ('2024-DR-46-0201', 65, '2023-05-06', 'Court', 'During my office interview, Bridget Nelson minimized the severity of the situation. The home was not safe for children.', 'Dictation PDF', 'p. 7');
INSERT INTO statements (case_id, person_id, statement_date, made_to, statement_text, source_document, page_reference) VALUES ('2024-DR-46-0201', 66, '2023-05-08', 'Court', 'In my assessment, further time is needed to evaluate reunification potential. I recommend continued out-of-home placement.', 'GAL Report', 'p. 22');
INSERT INTO discrepancies (case_id, topic, person_a_id, person_a_account, person_b_id, person_b_account, contradicted_by, source_document) VALUES ('2024-DR-46-0201', 'Compliance with treatment plan', 61, 'States consistent attendance with court-ordered services. Claims transportation issues for any gaps.', 62, 'DSS records show repeated no-shows. Providers confirm non-attendance.', 'Provider records and DSS documentation contradict parent claims of compliance.', 'Drug Screen Report, Court Filing');
INSERT INTO discrepancies (case_id, topic, person_a_id, person_a_account, person_b_id, person_b_account, contradicted_by, source_document) VALUES ('2024-DR-46-0201', 'Parenting capacity', 61, 'States provides adequate supervision. Claims children were happy and healthy.', 62, 'GAL observations show children expressed fear of returning home.', 'Child statements contradict parent account.', 'Court Transcript, GAL Report');

-- Case 12: 2023-DR-32-0273
INSERT INTO cases (case_id, case_title, case_type, circuit, county, filed_date, status, plaintiff, summary) VALUES ('2023-DR-32-0273', 'DSS v. Robinson — Child Neglect', 'Child Neglect', 'Fifteenth Judicial Circuit', 'Horry', '2025-03-08', 'Active', 'SC Department of Social Services', 'Child Neglect case involving Amari Robinson (age 6) and Gabrielle Robinson (age 3). Children removed after parent failed to seek medical attention for child injuries. Vanessa Robinson ordered to complete treatment plan including stable housing, random drug screening, individual counseling. Case is ongoing with next hearing scheduled.');
INSERT INTO people (case_id, full_name, role, relationship, dob, notes) VALUES ('2023-DR-32-0273', 'Vanessa Robinson', 'Parent', 'Mother of Amari Robinson (age 6) and Gabrielle Robinson (age 3)', '1989-01-13', NULL);
INSERT INTO people (case_id, full_name, role, relationship, dob, notes) VALUES ('2023-DR-32-0273', 'Travis Robinson', 'Parent', 'Father of Amari Robinson (age 6) and Gabrielle Robinson (age 3)', '1991-12-12', NULL);
INSERT INTO people (case_id, full_name, role, relationship, dob, notes) VALUES ('2023-DR-32-0273', 'Amari Robinson', 'Child', 'Minor child, age 6', '2018-05-25', NULL);
INSERT INTO people (case_id, full_name, role, relationship, dob, notes) VALUES ('2023-DR-32-0273', 'Gabrielle Robinson', 'Child', 'Minor child, age 3', '2021-01-06', NULL);
INSERT INTO people (case_id, full_name, role, relationship, dob, notes) VALUES ('2023-DR-32-0273', 'Andrea Foster', 'Case Manager', 'DSS Case Manager', NULL, NULL);
INSERT INTO people (case_id, full_name, role, relationship, dob, notes) VALUES ('2023-DR-32-0273', 'Debra Whitfield', 'Guardian ad Litem', 'Court-appointed GAL', NULL, NULL);
INSERT INTO timeline_events (case_id, event_date, event_time, event_type, description, source_document, parties_involved) VALUES ('2023-DR-32-0273', '2025-02-14', NULL, 'DSS Action', 'DSS receives referral regarding Amari Robinson. Neighbor reports concerns about home conditions.', 'DSS Intake Report, p. 10', 'Amari Robinson, Andrea Foster');
INSERT INTO timeline_events (case_id, event_date, event_time, event_type, description, source_document, parties_involved) VALUES ('2023-DR-32-0273', '2025-02-19', '6:15 PM', 'DSS Action', 'Andrea Foster conducts unannounced home visit. Finds parent failed to seek medical attention for child injuries. Vanessa Robinson uncooperative and hostile.', 'Home Visit Report, p. 28', 'Andrea Foster, Vanessa Robinson');
INSERT INTO timeline_events (case_id, event_date, event_time, event_type, description, source_document, parties_involved) VALUES ('2023-DR-32-0273', '2025-03-08', '9:45 AM', 'DSS Action', 'DSS obtains emergency removal order. Amari Robinson (age 6) and Gabrielle Robinson (age 3) placed in emergency foster care. Vanessa Robinson informed of removal and rights.', 'Court Filing, Emergency Order, p. 25', 'Andrea Foster, Vanessa Robinson, Amari Robinson (age 6) and Gabrielle Robinson (age 3)');
INSERT INTO timeline_events (case_id, event_date, event_time, event_type, description, source_document, parties_involved) VALUES ('2023-DR-32-0273', '2025-03-17', '6:00 PM', 'Court', 'Probable cause hearing before Judge Kenneth Fulton. Court finds probable cause of neglect. Vanessa Robinson present with retained counsel. Treatment plan ordered: stable housing, random drug screening, individual counseling.', 'Court Filing, Order 1, p. 19', 'Vanessa Robinson, Andrea Foster, Judge Kenneth Fulton');
INSERT INTO timeline_events (case_id, event_date, event_time, event_type, description, source_document, parties_involved) VALUES ('2023-DR-32-0273', '2025-03-22', '9:45 AM', 'Court', 'Review hearing. Vanessa Robinson has made minimal progress on court-ordered treatment plan. Court approves modified case plan.', 'Court Filing, Order 2, p. 26', 'Vanessa Robinson, Andrea Foster, Judge Kenneth Fulton');
INSERT INTO timeline_events (case_id, event_date, event_time, event_type, description, source_document, parties_involved) VALUES ('2023-DR-32-0273', '2025-04-09', NULL, 'Placement', 'Amari Robinson (age 6) and Gabrielle Robinson (age 3) moved to pre-adoptive placement.', 'Placement Agreement, p. 12', 'Amari Robinson (age 6) and Gabrielle Robinson (age 3), Andrea Foster');
INSERT INTO timeline_events (case_id, event_date, event_time, event_type, description, source_document, parties_involved) VALUES ('2023-DR-32-0273', '2025-05-30', '12:45 AM', 'Medical', 'Psychological evaluation of Amari Robinson completed. Results pending.', 'Psychological Evaluation, p. 28', 'Amari Robinson');
INSERT INTO statements (case_id, person_id, statement_date, made_to, statement_text, source_document, page_reference) VALUES ('2023-DR-32-0273', 67, '2025-02-14', 'Medical Staff', 'I love my babies. I would never hurt them. I am doing my best.', 'Court Transcript', 'p. 10');
INSERT INTO statements (case_id, person_id, statement_date, made_to, statement_text, source_document, page_reference) VALUES ('2023-DR-32-0273', 67, '2025-02-19', 'Court', 'I am working on myself. I have been following the case plan', 'Court Transcript', 'p. 15');
INSERT INTO statements (case_id, person_id, statement_date, made_to, statement_text, source_document, page_reference) VALUES ('2023-DR-32-0273', 67, '2025-03-08', 'Law Enforcement', 'They are exaggerating. It was a misunderstanding.', 'Sheriff Report', 'p. 2');
INSERT INTO statements (case_id, person_id, statement_date, made_to, statement_text, source_document, page_reference) VALUES ('2023-DR-32-0273', 71, '2025-03-17', 'Court', 'During my home visit, Vanessa Robinson appeared to be under the influence. Compliance with the case plan has been minimal.', 'Dictation PDF', 'p. 4');
INSERT INTO statements (case_id, person_id, statement_date, made_to, statement_text, source_document, page_reference) VALUES ('2023-DR-32-0273', 71, '2025-03-22', 'Court', 'Vanessa Robinson has missed 1 of 8 required drug screens. This level of compliance is insufficient.', 'Court Transcript', 'p. 24');
INSERT INTO statements (case_id, person_id, statement_date, made_to, statement_text, source_document, page_reference) VALUES ('2023-DR-32-0273', 71, '2025-04-09', 'Case Manager', 'I reviewed school records on 2024-07-19. The children are adjusting well.', 'Dictation PDF', 'p. 23');
INSERT INTO statements (case_id, person_id, statement_date, made_to, statement_text, source_document, page_reference) VALUES ('2023-DR-32-0273', 72, '2025-05-30', 'Court', 'In my assessment, the parent has not demonstrated ability to provide safe care. I recommend reunification with safety plan.', 'GAL Report', 'p. 13');
INSERT INTO discrepancies (case_id, topic, person_a_id, person_a_account, person_b_id, person_b_account, contradicted_by, source_document) VALUES ('2023-DR-32-0273', 'Cause of injuries / incident', 67, 'States the incident did not happen. Reports child fell from furniture.', 68, 'Witness account contradicts this account. Timeline does not support claim.', 'Medical records contradicts this account.', 'School Report, Sheriff Report');
INSERT INTO discrepancies (case_id, topic, person_a_id, person_a_account, person_b_id, person_b_account, contradicted_by, source_document) VALUES ('2023-DR-32-0273', 'Home conditions', 67, 'States the home is adequate for the children. Denies any safety hazards.', 68, 'Andrea Foster documents lack of food during home visit. Photographs taken.', 'Home visit report and photographs contradict parent account.', 'Dictation PDF, Sheriff Report');

-- Case 13: 2024-DR-12-0195
INSERT INTO cases (case_id, case_title, case_type, circuit, county, filed_date, status, plaintiff, summary) VALUES ('2024-DR-12-0195', 'DSS v. Wilson — Child Neglect', 'Child Neglect', 'Eleventh Judicial Circuit', 'Lexington', '2023-05-15', 'Closed', 'SC Department of Social Services', 'Child Neglect case involving Bryce Wilson (age 1). Nathaniel Wilson completed court-ordered treatment plan including parenting skills classes (12 weeks) and substance abuse evaluation and treatment. Children successfully reunified with Nathaniel Wilson under ongoing DSS monitoring. Case closed.');
INSERT INTO people (case_id, full_name, role, relationship, dob, notes) VALUES ('2024-DR-12-0195', 'Charlene Bell', 'Parent', 'Mother of Bryce Wilson (age 1)', '1998-06-19', NULL);
INSERT INTO people (case_id, full_name, role, relationship, dob, notes) VALUES ('2024-DR-12-0195', 'Nathaniel Wilson', 'Parent', 'Father of Bryce Wilson (age 1)', '1989-11-23', NULL);
INSERT INTO people (case_id, full_name, role, relationship, dob, notes) VALUES ('2024-DR-12-0195', 'Bryce Wilson', 'Child', 'Minor child, age 1', '2023-06-01', NULL);
INSERT INTO people (case_id, full_name, role, relationship, dob, notes) VALUES ('2024-DR-12-0195', 'Donna Sullivan', 'Case Manager', 'DSS Case Manager', NULL, NULL);
INSERT INTO people (case_id, full_name, role, relationship, dob, notes) VALUES ('2024-DR-12-0195', 'Patricia Lang', 'Guardian ad Litem', 'Court-appointed GAL', NULL, NULL);
INSERT INTO timeline_events (case_id, event_date, event_time, event_type, description, source_document, parties_involved) VALUES ('2024-DR-12-0195', '2023-04-14', NULL, 'DSS Action', 'DSS receives referral regarding Bryce Wilson. Hospital reports concerns about home conditions.', 'DSS Intake Report, p. 1', 'Bryce Wilson, Donna Sullivan');
INSERT INTO timeline_events (case_id, event_date, event_time, event_type, description, source_document, parties_involved) VALUES ('2024-DR-12-0195', '2023-04-27', NULL, 'DSS Action', 'Donna Sullivan conducts unannounced home visit. Finds domestic violence incident witnessed by children. Nathaniel Wilson appeared impaired.', 'Home Visit Report, p. 29', 'Donna Sullivan, Nathaniel Wilson');
INSERT INTO timeline_events (case_id, event_date, event_time, event_type, description, source_document, parties_involved) VALUES ('2024-DR-12-0195', '2023-05-15', '2:45 PM', 'DSS Action', 'DSS obtains emergency removal order. Bryce Wilson (age 1) placed in kinship care with relative. Nathaniel Wilson informed of removal and rights.', 'Court Filing, Emergency Order, p. 8', 'Donna Sullivan, Nathaniel Wilson, Bryce Wilson (age 1)');
INSERT INTO timeline_events (case_id, event_date, event_time, event_type, description, source_document, parties_involved) VALUES ('2024-DR-12-0195', '2023-05-26', NULL, 'Court', 'Probable cause hearing before Judge Carolyn Bridges. Court finds probable cause of neglect. Nathaniel Wilson present with appointed counsel. Treatment plan ordered: parenting skills classes (12 weeks), substance abuse evaluation and treatment, stable housing, domestic violence intervention program, individual counseling.', 'Court Filing, Order 1, p. 4', 'Nathaniel Wilson, Donna Sullivan, Judge Carolyn Bridges');
INSERT INTO timeline_events (case_id, event_date, event_time, event_type, description, source_document, parties_involved) VALUES ('2024-DR-12-0195', '2023-06-12', NULL, 'Court', 'Review hearing. Nathaniel Wilson has shown some improvement on court-ordered treatment plan. Court continues current orders.', 'Court Filing, Order 2, p. 2', 'Nathaniel Wilson, Donna Sullivan, Judge Carolyn Bridges');
INSERT INTO timeline_events (case_id, event_date, event_time, event_type, description, source_document, parties_involved) VALUES ('2024-DR-12-0195', '2023-06-18', '3:45 AM', 'Placement', 'Bryce Wilson (age 1) placed with licensed foster family.', 'Placement Agreement, p. 20', 'Bryce Wilson (age 1), Donna Sullivan');
INSERT INTO statements (case_id, person_id, statement_date, made_to, statement_text, source_document, page_reference) VALUES ('2024-DR-12-0195', 74, '2023-04-14', 'Case Manager', 'I love my kids. I would never hurt them. I just need some help.', 'Sheriff Report', 'p. 19');
INSERT INTO statements (case_id, person_id, statement_date, made_to, statement_text, source_document, page_reference) VALUES ('2024-DR-12-0195', 74, '2023-04-27', 'Case Manager', 'I am clean now. I just need more time', 'Dictation PDF', 'p. 12');
INSERT INTO statements (case_id, person_id, statement_date, made_to, statement_text, source_document, page_reference) VALUES ('2024-DR-12-0195', 74, '2023-05-15', 'Medical Staff', 'I was not there when that happened. I can explain.', 'Dictation PDF', 'p. 18');
INSERT INTO statements (case_id, person_id, statement_date, made_to, statement_text, source_document, page_reference) VALUES ('2024-DR-12-0195', 76, '2023-05-26', 'Court', 'During my home visit, Nathaniel Wilson appeared to be under the influence. I have concerns about the children returning.', 'Court Transcript', 'p. 18');
INSERT INTO statements (case_id, person_id, statement_date, made_to, statement_text, source_document, page_reference) VALUES ('2024-DR-12-0195', 76, '2023-06-12', 'Case Manager', 'Nathaniel Wilson has attended 3 of 12 required drug screens. Additional supports have been offered.', 'Court Transcript', 'p. 17');
INSERT INTO statements (case_id, person_id, statement_date, made_to, statement_text, source_document, page_reference) VALUES ('2024-DR-12-0195', 77, '2023-06-18', 'Court', 'In my assessment, it is in the best interest of the children to remain in care. I recommend continued out-of-home placement.', 'GAL Report', 'p. 8');
INSERT INTO discrepancies (case_id, topic, person_a_id, person_a_account, person_b_id, person_b_account, contradicted_by, source_document) VALUES ('2024-DR-12-0195', 'Substance use', 74, 'Denies current substance use. States use was in the past.', 76, 'DSS observations show track marks observed.', 'Lab results and law enforcement report contradict self-report.', 'Psychological Evaluation, Sheriff Report');
INSERT INTO discrepancies (case_id, topic, person_a_id, person_a_account, person_b_id, person_b_account, contradicted_by, source_document) VALUES ('2024-DR-12-0195', 'Home conditions', 74, 'States the home is temporarily messy due to moving. Denies any safety hazards.', 73, 'Donna Sullivan documents utility shutoffs during home visit. Conditions verified by law enforcement.', 'Home visit report and photographs contradict parent account.', 'Treatment Progress Report, DSS Intake Report');

-- Case 14: 2025-DR-06-0246
INSERT INTO cases (case_id, case_title, case_type, circuit, county, filed_date, status, plaintiff, summary) VALUES ('2025-DR-06-0246', 'DSS v. Morris — Guardianship', 'Guardianship', 'Fourteenth Judicial Circuit', 'Colleton', '2024-06-23', 'Closed', 'SC Department of Social Services', 'Guardianship case involving Ebony Morris (age 8) and Terrell Morris (age 4). Vernon Morris completed court-ordered treatment plan including substance abuse evaluation and treatment and anger management classes. Children successfully reunified with Vernon Morris under ongoing DSS monitoring. Case closed.');
INSERT INTO people (case_id, full_name, role, relationship, dob, notes) VALUES ('2025-DR-06-0246', 'Denise Morris', 'Parent', 'Mother of Ebony Morris (age 8) and Terrell Morris (age 4)', '1996-09-26', NULL);
INSERT INTO people (case_id, full_name, role, relationship, dob, notes) VALUES ('2025-DR-06-0246', 'Vernon Morris', 'Parent', 'Father of Ebony Morris (age 8) and Terrell Morris (age 4)', '1991-10-07', NULL);
INSERT INTO people (case_id, full_name, role, relationship, dob, notes) VALUES ('2025-DR-06-0246', 'Ebony Morris', 'Child', 'Minor child, age 8', '2016-01-05', NULL);
INSERT INTO people (case_id, full_name, role, relationship, dob, notes) VALUES ('2025-DR-06-0246', 'Terrell Morris', 'Child', 'Minor child, age 4', '2019-07-24', NULL);
INSERT INTO people (case_id, full_name, role, relationship, dob, notes) VALUES ('2025-DR-06-0246', 'Derek Lane', 'Case Manager', 'DSS Case Manager', NULL, NULL);
INSERT INTO people (case_id, full_name, role, relationship, dob, notes) VALUES ('2025-DR-06-0246', 'Howard Grant', 'Guardian ad Litem', 'Court-appointed GAL', NULL, NULL);
INSERT INTO timeline_events (case_id, event_date, event_time, event_type, description, source_document, parties_involved) VALUES ('2025-DR-06-0246', '2024-06-05', NULL, 'DSS Action', 'DSS receives referral regarding Ebony Morris. School reports concerns about suspected neglect.', 'DSS Intake Report, p. 22', 'Ebony Morris, Derek Lane');
INSERT INTO timeline_events (case_id, event_date, event_time, event_type, description, source_document, parties_involved) VALUES ('2025-DR-06-0246', '2024-06-09', '10:30 AM', 'DSS Action', 'Derek Lane conducts scheduled home visit. Finds parent arrested on drug charges with children in vehicle. Vernon Morris cooperative but defensive.', 'Home Visit Report, p. 14', 'Derek Lane, Vernon Morris');
INSERT INTO timeline_events (case_id, event_date, event_time, event_type, description, source_document, parties_involved) VALUES ('2025-DR-06-0246', '2024-06-23', '7:15 PM', 'DSS Action', 'DSS obtains emergency removal order. Ebony Morris (age 8) and Terrell Morris (age 4) placed in temporary shelter care. Vernon Morris informed of removal and rights.', 'Court Filing, Emergency Order, p. 19', 'Derek Lane, Vernon Morris, Ebony Morris (age 8) and Terrell Morris (age 4)');
INSERT INTO timeline_events (case_id, event_date, event_time, event_type, description, source_document, parties_involved) VALUES ('2025-DR-06-0246', '2024-07-02', '1:15 PM', 'Court', 'Probable cause hearing before Judge David Strickland. Court finds probable cause of abuse. Vernon Morris present with retained counsel. Treatment plan ordered: substance abuse evaluation and treatment, anger management classes, family therapy sessions, psychological evaluation.', 'Court Filing, Order 1, p. 16', 'Vernon Morris, Derek Lane, Judge David Strickland');
INSERT INTO timeline_events (case_id, event_date, event_time, event_type, description, source_document, parties_involved) VALUES ('2025-DR-06-0246', '2024-07-21', '11:15 PM', 'Court', 'Review hearing. Vernon Morris has made minimal progress on court-ordered treatment plan. Court warns of potential TPR.', 'Court Filing, Order 2, p. 18', 'Vernon Morris, Derek Lane, Judge David Strickland');
INSERT INTO timeline_events (case_id, event_date, event_time, event_type, description, source_document, parties_involved) VALUES ('2025-DR-06-0246', '2024-08-02', '7:45 PM', 'Placement', 'Ebony Morris (age 8) and Terrell Morris (age 4) placed with licensed foster family.', 'Placement Agreement, p. 30', 'Ebony Morris (age 8) and Terrell Morris (age 4), Derek Lane');
INSERT INTO timeline_events (case_id, event_date, event_time, event_type, description, source_document, parties_involved) VALUES ('2025-DR-06-0246', '2024-08-15', NULL, 'Medical', 'Medical examination of Ebony Morris completed. Referral for additional services recommended.', 'Substance Abuse Evaluation Report, p. 19', 'Ebony Morris');
INSERT INTO timeline_events (case_id, event_date, event_time, event_type, description, source_document, parties_involved) VALUES ('2025-DR-06-0246', '2024-08-28', NULL, 'Law Enforcement', 'Police officer interviews witnesses. No arrest made at this time.', 'Sheriff Report, p. 8', 'Vernon Morris, Denise Morris');
INSERT INTO statements (case_id, person_id, statement_date, made_to, statement_text, source_document, page_reference) VALUES ('2025-DR-06-0246', 79, '2024-06-05', 'Court', 'I love my babies. I would never hurt them. I just need some help.', 'Dictation PDF', 'p. 3');
INSERT INTO statements (case_id, person_id, statement_date, made_to, statement_text, source_document, page_reference) VALUES ('2025-DR-06-0246', 79, '2024-06-09', 'Case Manager', 'I am clean now. I want my kids back', 'Court Transcript', 'p. 10');
INSERT INTO statements (case_id, person_id, statement_date, made_to, statement_text, source_document, page_reference) VALUES ('2025-DR-06-0246', 79, '2024-06-23', 'Case Manager', 'They are exaggerating. I can explain.', 'Sheriff Report', 'p. 24');
INSERT INTO statements (case_id, person_id, statement_date, made_to, statement_text, source_document, page_reference) VALUES ('2025-DR-06-0246', 82, '2024-07-02', 'Case Manager', 'During my office interview, Vernon Morris appeared to be under the influence. Compliance with the case plan has been minimal.', 'Court Transcript', 'p. 17');
INSERT INTO statements (case_id, person_id, statement_date, made_to, statement_text, source_document, page_reference) VALUES ('2025-DR-06-0246', 82, '2024-07-21', 'Court', 'Vernon Morris has not enrolled in 3 of 12 required drug screens. We recommend continued out-of-home placement.', 'Dictation PDF', 'p. 10');
INSERT INTO statements (case_id, person_id, statement_date, made_to, statement_text, source_document, page_reference) VALUES ('2025-DR-06-0246', 83, '2024-08-02', 'Court', 'In my assessment, the parent has not demonstrated ability to provide safe care. I recommend a permanency hearing be scheduled.', 'GAL Report', 'p. 23');
INSERT INTO discrepancies (case_id, topic, person_a_id, person_a_account, person_b_id, person_b_account, contradicted_by, source_document) VALUES ('2025-DR-06-0246', 'Cause of injuries / incident', 79, 'States the child was already hurt. Reports child fell from furniture.', 82, 'Medical evidence contradicts this account. Other parent provides conflicting version.', 'Physical evidence contradicts this account.', 'Home Visit Report, DSS Intake Report');
INSERT INTO discrepancies (case_id, topic, person_a_id, person_a_account, person_b_id, person_b_account, contradicted_by, source_document) VALUES ('2025-DR-06-0246', 'Substance use', 79, 'Denies current alcohol abuse. Claims to be sober.', 82, 'Law enforcement report show track marks observed.', 'Lab results and clinical observations contradict self-report.', 'Home Visit Report, Treatment Progress Report');

-- Case 15: 2024-DR-38-0234
INSERT INTO cases (case_id, case_title, case_type, circuit, county, filed_date, status, plaintiff, summary) VALUES ('2024-DR-38-0234', 'DSS v. Williams — CPS', 'Child Protective Services', 'First Judicial Circuit', 'Dorchester', '2023-12-25', 'Active', 'SC Department of Social Services', 'Child Protective Services case involving Precious Williams (age 5). Children removed after children found wandering outside at night without supervision. Clarence Williams ordered to complete treatment plan including stable housing, random drug screening, gainful employment. Case is ongoing with next hearing scheduled.');
INSERT INTO people (case_id, full_name, role, relationship, dob, notes) VALUES ('2024-DR-38-0234', 'Nicole Williams', 'Parent', 'Mother of Precious Williams (age 5)', '1992-08-14', NULL);
INSERT INTO people (case_id, full_name, role, relationship, dob, notes) VALUES ('2024-DR-38-0234', 'Clarence Williams', 'Parent', 'Father of Precious Williams (age 5)', '1985-09-07', NULL);
INSERT INTO people (case_id, full_name, role, relationship, dob, notes) VALUES ('2024-DR-38-0234', 'Precious Williams', 'Child', 'Minor child, age 5', '2019-03-27', NULL);
INSERT INTO people (case_id, full_name, role, relationship, dob, notes) VALUES ('2024-DR-38-0234', 'Donna Sullivan', 'Case Manager', 'DSS Case Manager', NULL, NULL);
INSERT INTO people (case_id, full_name, role, relationship, dob, notes) VALUES ('2024-DR-38-0234', 'Raymond Holt', 'Guardian ad Litem', 'Court-appointed GAL', NULL, NULL);
INSERT INTO timeline_events (case_id, event_date, event_time, event_type, description, source_document, parties_involved) VALUES ('2024-DR-38-0234', '2023-12-04', '10:15 PM', 'DSS Action', 'DSS receives referral regarding Precious Williams. Hospital reports concerns about child welfare.', 'DSS Intake Report, p. 9', 'Precious Williams, Donna Sullivan');
INSERT INTO timeline_events (case_id, event_date, event_time, event_type, description, source_document, parties_involved) VALUES ('2024-DR-38-0234', '2023-12-11', NULL, 'DSS Action', 'Donna Sullivan conducts scheduled home visit. Finds children found wandering outside at night without supervision. Clarence Williams uncooperative and hostile.', 'Home Visit Report, p. 5', 'Donna Sullivan, Clarence Williams');
INSERT INTO timeline_events (case_id, event_date, event_time, event_type, description, source_document, parties_involved) VALUES ('2024-DR-38-0234', '2023-12-25', NULL, 'DSS Action', 'DSS obtains emergency removal order. Precious Williams (age 5) placed in kinship care with relative. Clarence Williams informed of removal and rights.', 'Court Filing, Emergency Order, p. 11', 'Donna Sullivan, Clarence Williams, Precious Williams (age 5)');
INSERT INTO timeline_events (case_id, event_date, event_time, event_type, description, source_document, parties_involved) VALUES ('2024-DR-38-0234', '2024-01-02', NULL, 'Court', 'Probable cause hearing before Judge Harold Wynn. Court finds probable cause of abuse. Clarence Williams present with retained counsel. Treatment plan ordered: stable housing, random drug screening, gainful employment.', 'Court Filing, Order 1, p. 30', 'Clarence Williams, Donna Sullivan, Judge Harold Wynn');
INSERT INTO timeline_events (case_id, event_date, event_time, event_type, description, source_document, parties_involved) VALUES ('2024-DR-38-0234', '2024-01-28', NULL, 'Court', 'Review hearing. Clarence Williams has shown some improvement on court-ordered treatment plan. Court continues current orders.', 'Court Filing, Order 2, p. 19', 'Clarence Williams, Donna Sullivan, Judge Harold Wynn');
INSERT INTO statements (case_id, person_id, statement_date, made_to, statement_text, source_document, page_reference) VALUES ('2024-DR-38-0234', 85, '2023-12-04', 'Court', 'I love my children. I would never hurt them. I am doing my best.', 'Dictation PDF', 'p. 3');
INSERT INTO statements (case_id, person_id, statement_date, made_to, statement_text, source_document, page_reference) VALUES ('2024-DR-38-0234', 85, '2023-12-11', 'Case Manager', 'I am going to my appointments. I just need more time', 'Dictation PDF', 'p. 7');
INSERT INTO statements (case_id, person_id, statement_date, made_to, statement_text, source_document, page_reference) VALUES ('2024-DR-38-0234', 85, '2023-12-25', 'Court', 'They are exaggerating. The kids were never in danger.', 'Sheriff Report', 'p. 17');
INSERT INTO statements (case_id, person_id, statement_date, made_to, statement_text, source_document, page_reference) VALUES ('2024-DR-38-0234', 87, '2024-01-02', 'Court', 'During my follow-up visit, Clarence Williams appeared to be under the influence. Compliance with the case plan has been minimal.', 'Dictation PDF', 'p. 21');
INSERT INTO statements (case_id, person_id, statement_date, made_to, statement_text, source_document, page_reference) VALUES ('2024-DR-38-0234', 88, '2024-01-28', 'Court', 'In my assessment, it is in the best interest of the children to remain in care. I recommend continued out-of-home placement.', 'GAL Report', 'p. 6');
INSERT INTO discrepancies (case_id, topic, person_a_id, person_a_account, person_b_id, person_b_account, contradicted_by, source_document) VALUES ('2024-DR-38-0234', 'Cause of injuries / incident', 85, 'States the incident did not happen. Reports child fell from furniture.', 87, 'Other parent contradicts this account. Other parent provides conflicting version.', 'Medical records contradicts this account.', 'Drug Screen Report, Drug Screen Report');
INSERT INTO discrepancies (case_id, topic, person_a_id, person_a_account, person_b_id, person_b_account, contradicted_by, source_document) VALUES ('2024-DR-38-0234', 'Home conditions', 85, 'States the home is being improved. Denies any safety hazards.', 84, 'Donna Sullivan documents safety hazards during home visit. Multiple visits confirmed issues.', 'Home visit report and photographs contradict parent account.', 'Dictation PDF, Sheriff Report');

-- Case 16: 2024-DR-41-0307
INSERT INTO cases (case_id, case_title, case_type, circuit, county, filed_date, status, plaintiff, summary) VALUES ('2024-DR-41-0307', 'DSS v. Taylor — Physical Abuse', 'Physical Abuse', 'Fifth Judicial Circuit', 'Richland', '2024-08-12', 'Closed', 'SC Department of Social Services', 'Physical Abuse case involving Destiny Taylor (age 2). Audrey Taylor completed court-ordered treatment plan including stable housing and family therapy sessions. Children successfully reunified with Audrey Taylor under ongoing DSS monitoring. Case closed.');
INSERT INTO people (case_id, full_name, role, relationship, dob, notes) VALUES ('2024-DR-41-0307', 'Audrey Taylor', 'Parent', 'Mother of Destiny Taylor (age 2)', '1989-11-04', NULL);
INSERT INTO people (case_id, full_name, role, relationship, dob, notes) VALUES ('2024-DR-41-0307', 'Terrence Taylor', 'Parent', 'Father of Destiny Taylor (age 2)', '1984-04-03', NULL);
INSERT INTO people (case_id, full_name, role, relationship, dob, notes) VALUES ('2024-DR-41-0307', 'Destiny Taylor', 'Child', 'Minor child, age 2', '2022-05-01', NULL);
INSERT INTO people (case_id, full_name, role, relationship, dob, notes) VALUES ('2024-DR-41-0307', 'Lisa Fontaine', 'Case Manager', 'DSS Case Manager', NULL, NULL);
INSERT INTO people (case_id, full_name, role, relationship, dob, notes) VALUES ('2024-DR-41-0307', 'Karen Milford', 'Guardian ad Litem', 'Court-appointed GAL', NULL, NULL);
INSERT INTO timeline_events (case_id, event_date, event_time, event_type, description, source_document, parties_involved) VALUES ('2024-DR-41-0307', '2024-07-12', '6:15 AM', 'DSS Action', 'DSS receives referral regarding Destiny Taylor. School reports concerns about suspected abuse.', 'DSS Intake Report, p. 18', 'Destiny Taylor, Lisa Fontaine');
INSERT INTO timeline_events (case_id, event_date, event_time, event_type, description, source_document, parties_involved) VALUES ('2024-DR-41-0307', '2024-07-26', '8:15 AM', 'DSS Action', 'Lisa Fontaine conducts unannounced home visit. Finds home environment found to be unsanitary with animal waste and spoiled food. Audrey Taylor uncooperative and hostile.', 'Home Visit Report, p. 6', 'Lisa Fontaine, Audrey Taylor');
INSERT INTO timeline_events (case_id, event_date, event_time, event_type, description, source_document, parties_involved) VALUES ('2024-DR-41-0307', '2024-08-12', '1:45 PM', 'DSS Action', 'DSS obtains emergency removal order. Destiny Taylor (age 2) placed in kinship care with relative. Audrey Taylor informed of removal and rights.', 'Court Filing, Emergency Order, p. 15', 'Lisa Fontaine, Audrey Taylor, Destiny Taylor (age 2)');
INSERT INTO timeline_events (case_id, event_date, event_time, event_type, description, source_document, parties_involved) VALUES ('2024-DR-41-0307', '2024-08-28', '11:15 AM', 'Court', 'Probable cause hearing before Judge Theresa Boyd. Court finds probable cause of abuse. Audrey Taylor present with appointed counsel. Treatment plan ordered: stable housing, family therapy sessions, gainful employment, parenting skills classes (12 weeks), substance abuse evaluation and treatment.', 'Court Filing, Order 1, p. 20', 'Audrey Taylor, Lisa Fontaine, Judge Theresa Boyd');
INSERT INTO timeline_events (case_id, event_date, event_time, event_type, description, source_document, parties_involved) VALUES ('2024-DR-41-0307', '2024-08-30', '7:15 PM', 'Court', 'Review hearing. Audrey Taylor has shown some improvement on court-ordered treatment plan. Court schedules merits hearing.', 'Court Filing, Order 2, p. 25', 'Audrey Taylor, Lisa Fontaine, Judge Theresa Boyd');
INSERT INTO statements (case_id, person_id, statement_date, made_to, statement_text, source_document, page_reference) VALUES ('2024-DR-41-0307', 89, '2024-07-12', 'Case Manager', 'I love my children. I would never hurt them. I just need some help.', 'Court Transcript', 'p. 18');
INSERT INTO statements (case_id, person_id, statement_date, made_to, statement_text, source_document, page_reference) VALUES ('2024-DR-41-0307', 89, '2024-07-26', 'Court', 'I am working on myself. I just need more time', 'Court Transcript', 'p. 21');
INSERT INTO statements (case_id, person_id, statement_date, made_to, statement_text, source_document, page_reference) VALUES ('2024-DR-41-0307', 89, '2024-08-12', 'Case Manager', 'The report is not accurate. Someone else was responsible.', 'Court Transcript', 'p. 20');
INSERT INTO statements (case_id, person_id, statement_date, made_to, statement_text, source_document, page_reference) VALUES ('2024-DR-41-0307', 92, '2024-08-28', 'Court', 'During my initial assessment, Audrey Taylor appeared to be under the influence. The home was not safe for children.', 'Home Visit Report', 'p. 11');
INSERT INTO statements (case_id, person_id, statement_date, made_to, statement_text, source_document, page_reference) VALUES ('2024-DR-41-0307', 92, '2024-08-30', 'Court', 'Audrey Taylor has partially completed 5 of 12 required drug screens. We recommend continued out-of-home placement.', 'Court Transcript', 'p. 1');
INSERT INTO statements (case_id, person_id, statement_date, made_to, statement_text, source_document, page_reference) VALUES ('2024-DR-41-0307', 92, '2024-08-30', 'Case Manager', 'I spoke with the foster family on 2025-03-04. There are behavioral concerns.', 'Home Visit Report', 'p. 14');
INSERT INTO statements (case_id, person_id, statement_date, made_to, statement_text, source_document, page_reference) VALUES ('2024-DR-41-0307', 93, '2024-08-30', 'Court', 'In my assessment, the children are thriving in their current placement. I recommend continued out-of-home placement.', 'GAL Report', 'p. 23');
INSERT INTO discrepancies (case_id, topic, person_a_id, person_a_account, person_b_id, person_b_account, contradicted_by, source_document) VALUES ('2024-DR-41-0307', 'Cause of injuries / incident', 89, 'States the child fell. Blames the other parent.', 90, 'Other parent contradicts this account. Witness observed different events.', 'Witness statement contradicts this account.', 'Medical Records, Court Transcript');
INSERT INTO discrepancies (case_id, topic, person_a_id, person_a_account, person_b_id, person_b_account, contradicted_by, source_document) VALUES ('2024-DR-41-0307', 'Home conditions', 89, 'States the home is adequate for the children. Denies any safety hazards.', 90, 'Lisa Fontaine documents unsanitary conditions during home visit. Conditions verified by law enforcement.', 'Home visit report and photographs contradict parent account.', 'Medical Records, School Report');

-- Case 17: 2023-DR-34-0302
INSERT INTO cases (case_id, case_title, case_type, circuit, county, filed_date, status, plaintiff, summary) VALUES ('2023-DR-34-0302', 'DSS v. Young — Physical Abuse', 'Physical Abuse', 'Fourth Judicial Circuit', 'Darlington', '2025-03-21', 'Active', 'SC Department of Social Services', 'Physical Abuse case involving Keyana Young (age 14) and Ebony Young (age 4). Children removed after home environment found to be unsanitary with animal waste and spoiled food. Christopher Young ordered to complete treatment plan including substance abuse evaluation and treatment, family therapy sessions, domestic violence intervention program. Case is ongoing with next hearing scheduled.');
INSERT INTO people (case_id, full_name, role, relationship, dob, notes) VALUES ('2023-DR-34-0302', 'Charlene Young', 'Parent', 'Mother of Keyana Young (age 14) and Ebony Young (age 4)', '1993-08-04', NULL);
INSERT INTO people (case_id, full_name, role, relationship, dob, notes) VALUES ('2023-DR-34-0302', 'Christopher Young', 'Parent', 'Father of Keyana Young (age 14) and Ebony Young (age 4)', '1984-12-28', NULL);
INSERT INTO people (case_id, full_name, role, relationship, dob, notes) VALUES ('2023-DR-34-0302', 'Keyana Young', 'Child', 'Minor child, age 14', '2009-09-17', NULL);
INSERT INTO people (case_id, full_name, role, relationship, dob, notes) VALUES ('2023-DR-34-0302', 'Ebony Young', 'Child', 'Minor child, age 4', '2019-11-17', NULL);
INSERT INTO people (case_id, full_name, role, relationship, dob, notes) VALUES ('2023-DR-34-0302', 'Tamara Hughes', 'Case Manager', 'DSS Case Manager', NULL, NULL);
INSERT INTO people (case_id, full_name, role, relationship, dob, notes) VALUES ('2023-DR-34-0302', 'Caroline Fisher', 'Guardian ad Litem', 'Court-appointed GAL', NULL, NULL);
INSERT INTO timeline_events (case_id, event_date, event_time, event_type, description, source_document, parties_involved) VALUES ('2023-DR-34-0302', '2025-02-15', '2:45 AM', 'DSS Action', 'DSS receives referral regarding Keyana Young. School reports concerns about suspected abuse.', 'DSS Intake Report, p. 6', 'Keyana Young, Tamara Hughes');
INSERT INTO timeline_events (case_id, event_date, event_time, event_type, description, source_document, parties_involved) VALUES ('2023-DR-34-0302', '2025-03-04', NULL, 'DSS Action', 'Tamara Hughes conducts scheduled home visit. Finds home environment found to be unsanitary with animal waste and spoiled food. Christopher Young not present at the home.', 'Home Visit Report, p. 30', 'Tamara Hughes, Christopher Young');
INSERT INTO timeline_events (case_id, event_date, event_time, event_type, description, source_document, parties_involved) VALUES ('2023-DR-34-0302', '2025-03-21', '4:00 PM', 'DSS Action', 'DSS obtains emergency removal order. Keyana Young (age 14) and Ebony Young (age 4) placed in kinship care with relative. Christopher Young informed of removal and rights.', 'Court Filing, Emergency Order, p. 12', 'Tamara Hughes, Christopher Young, Keyana Young (age 14) and Ebony Young (age 4)');
INSERT INTO timeline_events (case_id, event_date, event_time, event_type, description, source_document, parties_involved) VALUES ('2023-DR-34-0302', '2025-04-04', NULL, 'Court', 'Probable cause hearing before Judge Sandra Templeton. Court finds probable cause of abuse. Christopher Young present with retained counsel. Treatment plan ordered: substance abuse evaluation and treatment, family therapy sessions, domestic violence intervention program.', 'Court Filing, Order 1, p. 4', 'Christopher Young, Tamara Hughes, Judge Sandra Templeton');
INSERT INTO timeline_events (case_id, event_date, event_time, event_type, description, source_document, parties_involved) VALUES ('2023-DR-34-0302', '2025-04-27', '9:00 AM', 'Court', 'Review hearing. Christopher Young has partially completed on court-ordered treatment plan. Court continues current orders.', 'Court Filing, Order 2, p. 20', 'Christopher Young, Tamara Hughes, Judge Sandra Templeton');
INSERT INTO timeline_events (case_id, event_date, event_time, event_type, description, source_document, parties_involved) VALUES ('2023-DR-34-0302', '2025-05-10', '12:00 PM', 'Placement', 'Keyana Young (age 14) and Ebony Young (age 4) transferred to kinship placement.', 'Placement Agreement, p. 3', 'Keyana Young (age 14) and Ebony Young (age 4), Tamara Hughes');
INSERT INTO statements (case_id, person_id, statement_date, made_to, statement_text, source_document, page_reference) VALUES ('2023-DR-34-0302', 95, '2025-02-15', 'Case Manager', 'I love my babies. I would never hurt them. I am doing my best.', 'Sheriff Report', 'p. 9');
INSERT INTO statements (case_id, person_id, statement_date, made_to, statement_text, source_document, page_reference) VALUES ('2023-DR-34-0302', 95, '2025-03-04', 'Case Manager', 'I am clean now. I want my kids back', 'Sheriff Report', 'p. 22');
INSERT INTO statements (case_id, person_id, statement_date, made_to, statement_text, source_document, page_reference) VALUES ('2023-DR-34-0302', 95, '2025-03-21', 'Case Manager', 'They are exaggerating. Someone else was responsible.', 'Court Transcript', 'p. 22');
INSERT INTO statements (case_id, person_id, statement_date, made_to, statement_text, source_document, page_reference) VALUES ('2023-DR-34-0302', 98, '2025-04-04', 'Court', 'During my follow-up visit, Christopher Young minimized the severity of the situation. Progress has been made but is insufficient.', 'Court Transcript', 'p. 19');
INSERT INTO statements (case_id, person_id, statement_date, made_to, statement_text, source_document, page_reference) VALUES ('2023-DR-34-0302', 98, '2025-04-27', 'Case Manager', 'Christopher Young has attended 5 of 12 required parenting classes. We recommend continued out-of-home placement.', 'Court Transcript', 'p. 4');
INSERT INTO statements (case_id, person_id, statement_date, made_to, statement_text, source_document, page_reference) VALUES ('2023-DR-34-0302', 99, '2025-05-10', 'Court', 'In my assessment, the children are thriving in their current placement. I recommend continued out-of-home placement.', 'GAL Report', 'p. 6');
INSERT INTO discrepancies (case_id, topic, person_a_id, person_a_account, person_b_id, person_b_account, contradicted_by, source_document) VALUES ('2023-DR-34-0302', 'Substance use', 95, 'Denies current alcohol abuse. Denies any history of use.', 98, 'Drug screen results show track marks observed.', 'Lab results and law enforcement report contradict self-report.', 'Psychological Evaluation, Psychological Evaluation');
INSERT INTO discrepancies (case_id, topic, person_a_id, person_a_account, person_b_id, person_b_account, contradicted_by, source_document) VALUES ('2023-DR-34-0302', 'Compliance with treatment plan', 95, 'States full compliance with court-ordered services. Claims transportation issues for any gaps.', 98, 'DSS records show incomplete requirements. Providers confirm non-attendance.', 'Provider records and DSS documentation contradict parent claims of compliance.', 'GAL Report, School Report');
INSERT INTO discrepancies (case_id, topic, person_a_id, person_a_account, person_b_id, person_b_account, contradicted_by, source_document) VALUES ('2023-DR-34-0302', 'Home conditions', 95, 'States the home is temporarily messy due to moving. Denies any safety hazards.', 98, 'Tamara Hughes documents lack of food during home visit. Photographs taken.', 'Home visit report and photographs contradict parent account.', 'School Report, Drug Screen Report');
INSERT INTO discrepancies (case_id, topic, person_a_id, person_a_account, person_b_id, person_b_account, contradicted_by, source_document) VALUES ('2023-DR-34-0302', 'Parenting capacity', 95, 'States children were never in danger. States neighbors/family can vouch for care.', 98, 'Medical records show chronic absenteeism.', 'GAL report contradict parent account.', 'School Report, Dictation PDF');

-- Case 18: 2024-DR-28-0275
INSERT INTO cases (case_id, case_title, case_type, circuit, county, filed_date, status, plaintiff, summary) VALUES ('2024-DR-28-0275', 'DSS v. Hall — Emergency Removal', 'Emergency Removal', 'Eleventh Judicial Circuit', 'Saluda', '2024-12-03', 'Closed', 'SC Department of Social Services', 'Emergency Removal case involving Jalen Hall (age 1). Clarence Hall completed court-ordered treatment plan including random drug screening and psychological evaluation. Children successfully reunified with Clarence Hall under ongoing DSS monitoring. Case closed.');
INSERT INTO people (case_id, full_name, role, relationship, dob, notes) VALUES ('2024-DR-28-0275', 'Crystal Hall', 'Parent', 'Mother of Jalen Hall (age 1)', '1989-03-24', NULL);
INSERT INTO people (case_id, full_name, role, relationship, dob, notes) VALUES ('2024-DR-28-0275', 'Clarence Hall', 'Parent', 'Father of Jalen Hall (age 1)', '1997-09-23', NULL);
INSERT INTO people (case_id, full_name, role, relationship, dob, notes) VALUES ('2024-DR-28-0275', 'Jalen Hall', 'Child', 'Minor child, age 1', '2023-04-30', NULL);
INSERT INTO people (case_id, full_name, role, relationship, dob, notes) VALUES ('2024-DR-28-0275', 'Karen Mitchell', 'Case Manager', 'DSS Case Manager', NULL, NULL);
INSERT INTO people (case_id, full_name, role, relationship, dob, notes) VALUES ('2024-DR-28-0275', 'Steven Marsh', 'Guardian ad Litem', 'Court-appointed GAL', NULL, NULL);
INSERT INTO timeline_events (case_id, event_date, event_time, event_type, description, source_document, parties_involved) VALUES ('2024-DR-28-0275', '2024-11-11', '4:15 AM', 'DSS Action', 'DSS receives referral regarding Jalen Hall. Neighbor reports concerns about suspected neglect.', 'DSS Intake Report, p. 21', 'Jalen Hall, Karen Mitchell');
INSERT INTO timeline_events (case_id, event_date, event_time, event_type, description, source_document, parties_involved) VALUES ('2024-DR-28-0275', '2024-11-23', '4:30 PM', 'DSS Action', 'Karen Mitchell conducts unannounced home visit. Finds home found to be unsafe with exposed wiring and no working smoke detectors. Clarence Hall cooperative but defensive.', 'Home Visit Report, p. 15', 'Karen Mitchell, Clarence Hall');
INSERT INTO timeline_events (case_id, event_date, event_time, event_type, description, source_document, parties_involved) VALUES ('2024-DR-28-0275', '2024-12-03', NULL, 'DSS Action', 'DSS obtains emergency removal order. Jalen Hall (age 1) placed in emergency foster care. Clarence Hall informed of removal and rights.', 'Court Filing, Emergency Order, p. 7', 'Karen Mitchell, Clarence Hall, Jalen Hall (age 1)');
INSERT INTO timeline_events (case_id, event_date, event_time, event_type, description, source_document, parties_involved) VALUES ('2024-DR-28-0275', '2024-12-23', '12:00 PM', 'Court', 'Probable cause hearing before Judge Harold Wynn. Court finds probable cause of abuse. Clarence Hall present with appointed counsel. Treatment plan ordered: random drug screening, psychological evaluation, anger management classes, domestic violence intervention program.', 'Court Filing, Order 1, p. 22', 'Clarence Hall, Karen Mitchell, Judge Harold Wynn');
INSERT INTO timeline_events (case_id, event_date, event_time, event_type, description, source_document, parties_involved) VALUES ('2024-DR-28-0275', '2025-01-06', NULL, 'Court', 'Review hearing. Clarence Hall has partially completed on court-ordered treatment plan. Court warns of potential TPR.', 'Court Filing, Order 2, p. 27', 'Clarence Hall, Karen Mitchell, Judge Harold Wynn');
INSERT INTO timeline_events (case_id, event_date, event_time, event_type, description, source_document, parties_involved) VALUES ('2024-DR-28-0275', '2025-01-20', '7:45 AM', 'Placement', 'Jalen Hall (age 1) placed in therapeutic foster care.', 'Placement Agreement, p. 11', 'Jalen Hall (age 1), Karen Mitchell');
INSERT INTO timeline_events (case_id, event_date, event_time, event_type, description, source_document, parties_involved) VALUES ('2024-DR-28-0275', '2025-02-01', '8:00 AM', 'Medical', 'Substance abuse evaluation of Jalen Hall completed. Referral for additional services recommended.', 'Substance Abuse Evaluation Report, p. 30', 'Jalen Hall');
INSERT INTO statements (case_id, person_id, statement_date, made_to, statement_text, source_document, page_reference) VALUES ('2024-DR-28-0275', 101, '2024-11-11', 'Medical Staff', 'I love my babies. I would never hurt them. I am doing my best.', 'Sheriff Report', 'p. 10');
INSERT INTO statements (case_id, person_id, statement_date, made_to, statement_text, source_document, page_reference) VALUES ('2024-DR-28-0275', 101, '2024-11-23', 'Case Manager', 'I am getting my life together. I have been following the case plan', 'Sheriff Report', 'p. 18');
INSERT INTO statements (case_id, person_id, statement_date, made_to, statement_text, source_document, page_reference) VALUES ('2024-DR-28-0275', 101, '2024-12-03', 'Medical Staff', 'I was not there when that happened. The kids were never in danger.', 'Dictation PDF', 'p. 3');
INSERT INTO statements (case_id, person_id, statement_date, made_to, statement_text, source_document, page_reference) VALUES ('2024-DR-28-0275', 103, '2024-12-23', 'Court', 'During my home visit, Clarence Hall appeared to be under the influence. I have concerns about the children returning.', 'Home Visit Report', 'p. 20');
INSERT INTO statements (case_id, person_id, statement_date, made_to, statement_text, source_document, page_reference) VALUES ('2024-DR-28-0275', 104, '2025-01-06', 'Court', 'In my assessment, the children are thriving in their current placement. I recommend reunification with safety plan.', 'GAL Report', 'p. 12');
INSERT INTO discrepancies (case_id, topic, person_a_id, person_a_account, person_b_id, person_b_account, contradicted_by, source_document) VALUES ('2024-DR-28-0275', 'Cause of injuries / incident', 101, 'States the child fell. Claims no knowledge of how injuries occurred.', 103, 'Other parent contradicts this account. Other parent provides conflicting version.', 'Witness statement contradicts this account.', 'Drug Screen Report, Psychological Evaluation');
INSERT INTO discrepancies (case_id, topic, person_a_id, person_a_account, person_b_id, person_b_account, contradicted_by, source_document) VALUES ('2024-DR-28-0275', 'Home conditions', 101, 'States the home is adequate for the children. Denies any safety hazards.', 103, 'Karen Mitchell documents exposed wiring during home visit. Conditions verified by law enforcement.', 'Home visit report and photographs contradict parent account.', 'Treatment Progress Report, Treatment Progress Report');

-- Case 19: 2024-DR-42-0328
INSERT INTO cases (case_id, case_title, case_type, circuit, county, filed_date, status, plaintiff, summary) VALUES ('2024-DR-42-0328', 'DSS v. Anderson — Guardianship', 'Guardianship', 'Eighth Judicial Circuit', 'Abbeville', '2025-06-16', 'Closed', 'SC Department of Social Services', 'Guardianship case involving Isaiah Anderson (age 10) and Serenity Anderson (age 1). Sharon Anderson completed court-ordered treatment plan including domestic violence intervention program and random drug screening. Children successfully reunified with Sharon Anderson under ongoing DSS monitoring. Case closed.');
INSERT INTO people (case_id, full_name, role, relationship, dob, notes) VALUES ('2024-DR-42-0328', 'Sharon Anderson', 'Parent', 'Mother of Isaiah Anderson (age 10) and Serenity Anderson (age 1)', '1988-09-18', NULL);
INSERT INTO people (case_id, full_name, role, relationship, dob, notes) VALUES ('2024-DR-42-0328', 'Franklin Anderson', 'Parent', 'Father of Isaiah Anderson (age 10) and Serenity Anderson (age 1)', '1993-03-26', NULL);
INSERT INTO people (case_id, full_name, role, relationship, dob, notes) VALUES ('2024-DR-42-0328', 'Isaiah Anderson', 'Child', 'Minor child, age 10', '2013-07-12', NULL);
INSERT INTO people (case_id, full_name, role, relationship, dob, notes) VALUES ('2024-DR-42-0328', 'Serenity Anderson', 'Child', 'Minor child, age 1', '2022-07-15', NULL);
INSERT INTO people (case_id, full_name, role, relationship, dob, notes) VALUES ('2024-DR-42-0328', 'Monica Vance', 'Case Manager', 'DSS Case Manager', NULL, NULL);
INSERT INTO people (case_id, full_name, role, relationship, dob, notes) VALUES ('2024-DR-42-0328', 'Debra Whitfield', 'Guardian ad Litem', 'Court-appointed GAL', NULL, NULL);
INSERT INTO timeline_events (case_id, event_date, event_time, event_type, description, source_document, parties_involved) VALUES ('2024-DR-42-0328', '2025-05-30', '2:30 AM', 'DSS Action', 'DSS receives referral regarding Isaiah Anderson. Hospital reports concerns about suspected abuse.', 'DSS Intake Report, p. 15', 'Isaiah Anderson, Monica Vance');
INSERT INTO timeline_events (case_id, event_date, event_time, event_type, description, source_document, parties_involved) VALUES ('2024-DR-42-0328', '2025-06-07', '12:00 AM', 'DSS Action', 'Monica Vance conducts scheduled home visit. Finds home environment found to be unsanitary with animal waste and spoiled food. Sharon Anderson uncooperative and hostile.', 'Home Visit Report, p. 10', 'Monica Vance, Sharon Anderson');
INSERT INTO timeline_events (case_id, event_date, event_time, event_type, description, source_document, parties_involved) VALUES ('2024-DR-42-0328', '2025-06-16', NULL, 'DSS Action', 'DSS obtains emergency removal order. Isaiah Anderson (age 10) and Serenity Anderson (age 1) placed in emergency foster care. Sharon Anderson informed of removal and rights.', 'Court Filing, Emergency Order, p. 22', 'Monica Vance, Sharon Anderson, Isaiah Anderson (age 10) and Serenity Anderson (age 1)');
INSERT INTO timeline_events (case_id, event_date, event_time, event_type, description, source_document, parties_involved) VALUES ('2024-DR-42-0328', '2025-07-05', '9:15 PM', 'Court', 'Probable cause hearing before Judge Theresa Boyd. Court finds probable cause of abuse. Sharon Anderson present with appointed counsel. Treatment plan ordered: domestic violence intervention program, random drug screening, substance abuse evaluation and treatment, stable housing, family therapy sessions.', 'Court Filing, Order 1, p. 13', 'Sharon Anderson, Monica Vance, Judge Theresa Boyd');
INSERT INTO timeline_events (case_id, event_date, event_time, event_type, description, source_document, parties_involved) VALUES ('2024-DR-42-0328', '2025-07-08', '3:30 PM', 'Court', 'Review hearing. Sharon Anderson has made minimal progress on court-ordered treatment plan. Court schedules merits hearing.', 'Court Filing, Order 2, p. 28', 'Sharon Anderson, Monica Vance, Judge Theresa Boyd');
INSERT INTO timeline_events (case_id, event_date, event_time, event_type, description, source_document, parties_involved) VALUES ('2024-DR-42-0328', '2025-07-12', '3:45 AM', 'Placement', 'Isaiah Anderson (age 10) and Serenity Anderson (age 1) placed in therapeutic foster care.', 'Placement Agreement, p. 15', 'Isaiah Anderson (age 10) and Serenity Anderson (age 1), Monica Vance');
INSERT INTO timeline_events (case_id, event_date, event_time, event_type, description, source_document, parties_involved) VALUES ('2024-DR-42-0328', '2025-08-10', NULL, 'Medical', 'Forensic interview of Sharon Anderson completed. No acute findings at this time.', 'Medical Records, p. 13', 'Isaiah Anderson');
INSERT INTO statements (case_id, person_id, statement_date, made_to, statement_text, source_document, page_reference) VALUES ('2024-DR-42-0328', 105, '2025-05-30', 'Medical Staff', 'I love my kids. I would never hurt them. I know I made mistakes.', 'Dictation PDF', 'p. 17');
INSERT INTO statements (case_id, person_id, statement_date, made_to, statement_text, source_document, page_reference) VALUES ('2024-DR-42-0328', 105, '2025-06-07', 'Case Manager', 'I am getting my life together. I want my kids back', 'Dictation PDF', 'p. 14');
INSERT INTO statements (case_id, person_id, statement_date, made_to, statement_text, source_document, page_reference) VALUES ('2024-DR-42-0328', 105, '2025-06-16', 'Court', 'I was not there when that happened. The kids were never in danger.', 'Court Transcript', 'p. 10');
INSERT INTO statements (case_id, person_id, statement_date, made_to, statement_text, source_document, page_reference) VALUES ('2024-DR-42-0328', 109, '2025-07-05', 'Case Manager', 'During my office interview, Sharon Anderson was hostile and refused to answer questions. Compliance with the case plan has been minimal.', 'Dictation PDF', 'p. 14');
INSERT INTO statements (case_id, person_id, statement_date, made_to, statement_text, source_document, page_reference) VALUES ('2024-DR-42-0328', 109, '2025-07-08', 'Case Manager', 'Sharon Anderson has attended 3 of 12 required treatment sessions. We recommend continued out-of-home placement.', 'Home Visit Report', 'p. 18');
INSERT INTO statements (case_id, person_id, statement_date, made_to, statement_text, source_document, page_reference) VALUES ('2024-DR-42-0328', 109, '2025-07-12', 'Case Manager', 'I visited the children on 2024-09-21. There are behavioral concerns.', 'Home Visit Report', 'p. 15');
INSERT INTO statements (case_id, person_id, statement_date, made_to, statement_text, source_document, page_reference) VALUES ('2024-DR-42-0328', 110, '2025-08-10', 'Court', 'In my assessment, it is in the best interest of the children to remain in care. I recommend continued out-of-home placement.', 'GAL Report', 'p. 20');
INSERT INTO discrepancies (case_id, topic, person_a_id, person_a_account, person_b_id, person_b_account, contradicted_by, source_document) VALUES ('2024-DR-42-0328', 'Cause of injuries / incident', 105, 'States the incident did not happen. Blames the other parent.', 106, 'Witness account contradicts this account. Other parent provides conflicting version.', 'Witness statement contradicts this account.', 'Sheriff Report, Dictation PDF');
INSERT INTO discrepancies (case_id, topic, person_a_id, person_a_account, person_b_id, person_b_account, contradicted_by, source_document) VALUES ('2024-DR-42-0328', 'Home conditions', 105, 'States the home is clean and safe. Denies any safety hazards.', 109, 'Monica Vance documents lack of food during home visit. Conditions verified by law enforcement.', 'Home visit report and photographs contradict parent account.', 'Sheriff Report, Court Transcript');

-- Case 20: 2025-DR-21-0289
INSERT INTO cases (case_id, case_title, case_type, circuit, county, filed_date, status, plaintiff, summary) VALUES ('2025-DR-21-0289', 'DSS v. Parker — TPR', 'Termination of Parental Rights', 'Fifth Judicial Circuit', 'Richland', '2023-06-04', 'Active', 'SC Department of Social Services', 'Termination of Parental Rights case involving Jaylen Parker (age 6). Children removed after home environment found to be unsanitary with animal waste and spoiled food. Eric Parker ordered to complete treatment plan including domestic violence intervention program, parenting skills classes (12 weeks), family therapy sessions, psychological evaluation. Case is ongoing with next hearing scheduled.');
INSERT INTO people (case_id, full_name, role, relationship, dob, notes) VALUES ('2025-DR-21-0289', 'Valerie Lewis', 'Parent', 'Mother of Jaylen Parker (age 6)', '1990-08-17', NULL);
INSERT INTO people (case_id, full_name, role, relationship, dob, notes) VALUES ('2025-DR-21-0289', 'Eric Parker', 'Parent', 'Father of Jaylen Parker (age 6)', '1986-04-03', NULL);
INSERT INTO people (case_id, full_name, role, relationship, dob, notes) VALUES ('2025-DR-21-0289', 'Jaylen Parker', 'Child', 'Minor child, age 6', '2018-02-11', NULL);
INSERT INTO people (case_id, full_name, role, relationship, dob, notes) VALUES ('2025-DR-21-0289', 'Kevin Brooks', 'Case Manager', 'DSS Case Manager', NULL, NULL);
INSERT INTO people (case_id, full_name, role, relationship, dob, notes) VALUES ('2025-DR-21-0289', 'Raymond Holt', 'Guardian ad Litem', 'Court-appointed GAL', NULL, NULL);
INSERT INTO timeline_events (case_id, event_date, event_time, event_type, description, source_document, parties_involved) VALUES ('2025-DR-21-0289', '2023-05-14', '9:45 AM', 'DSS Action', 'DSS receives referral regarding Jaylen Parker. Neighbor reports concerns about suspected abuse.', 'DSS Intake Report, p. 26', 'Jaylen Parker, Kevin Brooks');
INSERT INTO timeline_events (case_id, event_date, event_time, event_type, description, source_document, parties_involved) VALUES ('2025-DR-21-0289', '2023-05-25', '12:30 AM', 'DSS Action', 'Kevin Brooks conducts scheduled home visit. Finds home environment found to be unsanitary with animal waste and spoiled food. Eric Parker cooperative but defensive.', 'Home Visit Report, p. 23', 'Kevin Brooks, Eric Parker');
INSERT INTO timeline_events (case_id, event_date, event_time, event_type, description, source_document, parties_involved) VALUES ('2025-DR-21-0289', '2023-06-04', NULL, 'DSS Action', 'DSS obtains emergency removal order. Jaylen Parker (age 6) placed in temporary shelter care. Eric Parker informed of removal and rights.', 'Court Filing, Emergency Order, p. 12', 'Kevin Brooks, Eric Parker, Jaylen Parker (age 6)');
INSERT INTO timeline_events (case_id, event_date, event_time, event_type, description, source_document, parties_involved) VALUES ('2025-DR-21-0289', '2023-06-20', NULL, 'Court', 'Probable cause hearing before Judge William Harmon. Court finds probable cause of abuse. Eric Parker present with appointed counsel. Treatment plan ordered: domestic violence intervention program, parenting skills classes (12 weeks), family therapy sessions, psychological evaluation.', 'Court Filing, Order 1, p. 21', 'Eric Parker, Kevin Brooks, Judge William Harmon');
INSERT INTO timeline_events (case_id, event_date, event_time, event_type, description, source_document, parties_involved) VALUES ('2025-DR-21-0289', '2023-07-04', '9:00 AM', 'Court', 'Review hearing. Eric Parker has partially completed on court-ordered treatment plan. Court warns of potential TPR.', 'Court Filing, Order 2, p. 27', 'Eric Parker, Kevin Brooks, Judge William Harmon');
INSERT INTO statements (case_id, person_id, statement_date, made_to, statement_text, source_document, page_reference) VALUES ('2025-DR-21-0289', 112, '2023-05-14', 'Case Manager', 'I love my children. I would never hurt them. Things have been hard.', 'Court Transcript', 'p. 2');
INSERT INTO statements (case_id, person_id, statement_date, made_to, statement_text, source_document, page_reference) VALUES ('2025-DR-21-0289', 112, '2023-05-25', 'Court', 'I am working on myself. I am willing to do whatever it takes', 'Dictation PDF', 'p. 4');
INSERT INTO statements (case_id, person_id, statement_date, made_to, statement_text, source_document, page_reference) VALUES ('2025-DR-21-0289', 112, '2023-06-04', 'Court', 'I was not there when that happened. It was a misunderstanding.', 'Sheriff Report', 'p. 2');
INSERT INTO statements (case_id, person_id, statement_date, made_to, statement_text, source_document, page_reference) VALUES ('2025-DR-21-0289', 114, '2023-06-20', 'Case Manager', 'During my home visit, Eric Parker was cooperative but appeared anxious. Compliance with the case plan has been minimal.', 'Court Transcript', 'p. 11');
INSERT INTO statements (case_id, person_id, statement_date, made_to, statement_text, source_document, page_reference) VALUES ('2025-DR-21-0289', 114, '2023-07-04', 'Case Manager', 'Eric Parker has missed 1 of 8 required treatment sessions. This level of compliance is insufficient.', 'Dictation PDF', 'p. 3');
INSERT INTO statements (case_id, person_id, statement_date, made_to, statement_text, source_document, page_reference) VALUES ('2025-DR-21-0289', 115, '2023-07-04', 'Court', 'In my assessment, the children are thriving in their current placement. I recommend TPR and adoption planning.', 'GAL Report', 'p. 14');
INSERT INTO discrepancies (case_id, topic, person_a_id, person_a_account, person_b_id, person_b_account, contradicted_by, source_document) VALUES ('2025-DR-21-0289', 'Substance use', 112, 'Denies current substance use. Claims only occasional recreational use.', 114, 'Law enforcement report show track marks observed.', 'Lab results and law enforcement report contradict self-report.', 'Home Visit Report, School Report');
INSERT INTO discrepancies (case_id, topic, person_a_id, person_a_account, person_b_id, person_b_account, contradicted_by, source_document) VALUES ('2025-DR-21-0289', 'Compliance with treatment plan', 112, 'States active participation with court-ordered services. Claims transportation issues for any gaps.', 111, 'DSS records show minimal attendance. No documentation of completion submitted.', 'Provider records and DSS documentation contradict parent claims of compliance.', 'GAL Report, GAL Report');
INSERT INTO discrepancies (case_id, topic, person_a_id, person_a_account, person_b_id, person_b_account, contradicted_by, source_document) VALUES ('2025-DR-21-0289', 'Home conditions', 112, 'States the home is adequate for the children. Denies any safety hazards.', 111, 'Kevin Brooks documents lack of food during home visit. Multiple visits confirmed issues.', 'Home visit report and photographs contradict parent account.', 'Court Transcript, GAL Report');
INSERT INTO discrepancies (case_id, topic, person_a_id, person_a_account, person_b_id, person_b_account, contradicted_by, source_document) VALUES ('2025-DR-21-0289', 'Parenting capacity', 112, 'States children were never in danger. Claims children were happy and healthy.', 111, 'Medical records show untreated medical needs.', 'GAL report contradict parent account.', 'GAL Report, Dictation PDF');

-- Case 21: 2023-DR-43-0302
INSERT INTO cases (case_id, case_title, case_type, circuit, county, filed_date, status, plaintiff, summary) VALUES ('2023-DR-43-0302', 'DSS v. Holloway — Voluntary Placement', 'Voluntary Placement', 'Eleventh Judicial Circuit', 'McCormick', '2024-05-09', 'Active', 'SC Department of Social Services', 'Voluntary Placement case involving Xavier Holloway (age 1) and Aaliyah Holloway (age 12). Children removed after parent arrested on drug charges with children in vehicle. Nicole Holloway ordered to complete treatment plan including random drug screening, anger management classes, domestic violence intervention program, psychological evaluation, individual counseling. Case is ongoing with next hearing scheduled.');
INSERT INTO people (case_id, full_name, role, relationship, dob, notes) VALUES ('2023-DR-43-0302', 'Nicole Holloway', 'Parent', 'Mother of Xavier Holloway (age 1) and Aaliyah Holloway (age 12)', '1997-12-08', NULL);
INSERT INTO people (case_id, full_name, role, relationship, dob, notes) VALUES ('2023-DR-43-0302', 'Christopher Holloway', 'Parent', 'Father of Xavier Holloway (age 1) and Aaliyah Holloway (age 12)', '1998-01-29', NULL);
INSERT INTO people (case_id, full_name, role, relationship, dob, notes) VALUES ('2023-DR-43-0302', 'Xavier Holloway', 'Child', 'Minor child, age 1', '2023-02-05', NULL);
INSERT INTO people (case_id, full_name, role, relationship, dob, notes) VALUES ('2023-DR-43-0302', 'Aaliyah Holloway', 'Child', 'Minor child, age 12', '2011-08-18', NULL);
INSERT INTO people (case_id, full_name, role, relationship, dob, notes) VALUES ('2023-DR-43-0302', 'Sandra Reeves', 'Case Manager', 'DSS Case Manager', NULL, NULL);
INSERT INTO people (case_id, full_name, role, relationship, dob, notes) VALUES ('2023-DR-43-0302', 'Steven Marsh', 'Guardian ad Litem', 'Court-appointed GAL', NULL, NULL);
INSERT INTO timeline_events (case_id, event_date, event_time, event_type, description, source_document, parties_involved) VALUES ('2023-DR-43-0302', '2024-04-14', NULL, 'DSS Action', 'DSS receives referral regarding Xavier Holloway. Hospital reports concerns about suspected neglect.', 'DSS Intake Report, p. 13', 'Xavier Holloway, Sandra Reeves');
INSERT INTO timeline_events (case_id, event_date, event_time, event_type, description, source_document, parties_involved) VALUES ('2023-DR-43-0302', '2024-04-23', '1:00 AM', 'DSS Action', 'Sandra Reeves conducts scheduled home visit. Finds parent arrested on drug charges with children in vehicle. Nicole Holloway appeared impaired.', 'Home Visit Report, p. 8', 'Sandra Reeves, Nicole Holloway');
INSERT INTO timeline_events (case_id, event_date, event_time, event_type, description, source_document, parties_involved) VALUES ('2023-DR-43-0302', '2024-05-09', NULL, 'DSS Action', 'DSS obtains emergency removal order. Xavier Holloway (age 1) and Aaliyah Holloway (age 12) placed in kinship care with relative. Nicole Holloway informed of removal and rights.', 'Court Filing, Emergency Order, p. 16', 'Sandra Reeves, Nicole Holloway, Xavier Holloway (age 1) and Aaliyah Holloway (age 12)');
INSERT INTO timeline_events (case_id, event_date, event_time, event_type, description, source_document, parties_involved) VALUES ('2023-DR-43-0302', '2024-05-27', '9:45 AM', 'Court', 'Probable cause hearing before Judge William Harmon. Court finds probable cause of abuse. Nicole Holloway present with appointed counsel. Treatment plan ordered: random drug screening, anger management classes, domestic violence intervention program, psychological evaluation, individual counseling.', 'Court Filing, Order 1, p. 7', 'Nicole Holloway, Sandra Reeves, Judge William Harmon');
INSERT INTO timeline_events (case_id, event_date, event_time, event_type, description, source_document, parties_involved) VALUES ('2023-DR-43-0302', '2024-05-29', '12:30 AM', 'Court', 'Review hearing. Nicole Holloway has not complied with on court-ordered treatment plan. Court approves modified case plan.', 'Court Filing, Order 2, p. 13', 'Nicole Holloway, Sandra Reeves, Judge William Harmon');
INSERT INTO timeline_events (case_id, event_date, event_time, event_type, description, source_document, parties_involved) VALUES ('2023-DR-43-0302', '2024-06-25', '12:15 AM', 'Placement', 'Xavier Holloway (age 1) and Aaliyah Holloway (age 12) placed with licensed foster family.', 'Placement Agreement, p. 14', 'Xavier Holloway (age 1) and Aaliyah Holloway (age 12), Sandra Reeves');
INSERT INTO timeline_events (case_id, event_date, event_time, event_type, description, source_document, parties_involved) VALUES ('2023-DR-43-0302', '2024-07-03', '10:45 PM', 'Medical', 'Substance abuse evaluation of Xavier Holloway completed. Results pending.', 'Medical Records, p. 24', 'Xavier Holloway');
INSERT INTO timeline_events (case_id, event_date, event_time, event_type, description, source_document, parties_involved) VALUES ('2023-DR-43-0302', '2024-07-07', '3:15 AM', 'Law Enforcement', 'Police officer serves protective order. Incident documented for DSS coordination.', 'Sheriff Report, p. 18', 'Nicole Holloway, Christopher Holloway');
INSERT INTO statements (case_id, person_id, statement_date, made_to, statement_text, source_document, page_reference) VALUES ('2023-DR-43-0302', 116, '2024-04-14', 'Court', 'I love my children. I would never hurt them. I am doing my best.', 'Dictation PDF', 'p. 23');
INSERT INTO statements (case_id, person_id, statement_date, made_to, statement_text, source_document, page_reference) VALUES ('2023-DR-43-0302', 116, '2024-04-23', 'Case Manager', 'I am clean now. I just need more time', 'Sheriff Report', 'p. 21');
INSERT INTO statements (case_id, person_id, statement_date, made_to, statement_text, source_document, page_reference) VALUES ('2023-DR-43-0302', 116, '2024-05-09', 'Case Manager', 'The report is not accurate. I can explain.', 'Dictation PDF', 'p. 24');
INSERT INTO statements (case_id, person_id, statement_date, made_to, statement_text, source_document, page_reference) VALUES ('2023-DR-43-0302', 120, '2024-05-27', 'Court', 'During my follow-up visit, Nicole Holloway was hostile and refused to answer questions. I have concerns about the children returning.', 'Court Transcript', 'p. 3');
INSERT INTO statements (case_id, person_id, statement_date, made_to, statement_text, source_document, page_reference) VALUES ('2023-DR-43-0302', 121, '2024-05-29', 'Court', 'In my assessment, the children are thriving in their current placement. I recommend TPR and adoption planning.', 'GAL Report', 'p. 10');
INSERT INTO discrepancies (case_id, topic, person_a_id, person_a_account, person_b_id, person_b_account, contradicted_by, source_document) VALUES ('2023-DR-43-0302', 'Compliance with treatment plan', 116, 'States best effort with court-ordered services. Claims scheduling conflicts for any gaps.', 117, 'DSS records show incomplete requirements. Bus passes were provided but unused.', 'Provider records and DSS documentation contradict parent claims of compliance.', 'Psychological Evaluation, Court Transcript');
INSERT INTO discrepancies (case_id, topic, person_a_id, person_a_account, person_b_id, person_b_account, contradicted_by, source_document) VALUES ('2023-DR-43-0302', 'Home conditions', 116, 'States the home is being improved. Denies any safety hazards.', 120, 'Sandra Reeves documents utility shutoffs during home visit. Multiple visits confirmed issues.', 'Home visit report and photographs contradict parent account.', 'Sheriff Report, Court Filing');
INSERT INTO discrepancies (case_id, topic, person_a_id, person_a_account, person_b_id, person_b_account, contradicted_by, source_document) VALUES ('2023-DR-43-0302', 'Cause of injuries / incident', 116, 'States the child was already hurt. Blames the other parent.', 120, 'Other parent contradicts this account. Injuries inconsistent with reported mechanism.', 'Physical evidence contradicts this account.', 'Medical Records, Sheriff Report');
INSERT INTO discrepancies (case_id, topic, person_a_id, person_a_account, person_b_id, person_b_account, contradicted_by, source_document) VALUES ('2023-DR-43-0302', 'Substance use', 116, 'Denies current substance use. Claims only occasional recreational use.', 120, 'Medical evaluation show drug paraphernalia in home.', 'Lab results and clinical observations contradict self-report.', 'Placement Agreement, Sheriff Report');

-- Case 22: 2024-DR-38-0342
INSERT INTO cases (case_id, case_title, case_type, circuit, county, filed_date, status, plaintiff, summary) VALUES ('2024-DR-38-0342', 'DSS v. Wright — TPR', 'Termination of Parental Rights', 'Fourth Judicial Circuit', 'Marlboro', '2023-04-26', 'Closed', 'SC Department of Social Services', 'Termination of Parental Rights case involving Elijah Wright (age 12) and Destiny Wright (age 12). Keisha Wright completed court-ordered treatment plan including domestic violence intervention program and individual counseling. Children successfully reunified with Keisha Wright under ongoing DSS monitoring. Case closed.');
INSERT INTO people (case_id, full_name, role, relationship, dob, notes) VALUES ('2024-DR-38-0342', 'Keisha Wright', 'Parent', 'Mother of Elijah Wright (age 12) and Destiny Wright (age 12)', '1994-05-27', NULL);
INSERT INTO people (case_id, full_name, role, relationship, dob, notes) VALUES ('2024-DR-38-0342', 'Carlos Wright', 'Parent', 'Father of Elijah Wright (age 12) and Destiny Wright (age 12)', '1994-04-12', NULL);
INSERT INTO people (case_id, full_name, role, relationship, dob, notes) VALUES ('2024-DR-38-0342', 'Elijah Wright', 'Child', 'Minor child, age 12', '2012-06-27', NULL);
INSERT INTO people (case_id, full_name, role, relationship, dob, notes) VALUES ('2024-DR-38-0342', 'Destiny Wright', 'Child', 'Minor child, age 12', '2012-02-06', NULL);
INSERT INTO people (case_id, full_name, role, relationship, dob, notes) VALUES ('2024-DR-38-0342', 'Marcus Perry', 'Case Manager', 'DSS Case Manager', NULL, NULL);
INSERT INTO people (case_id, full_name, role, relationship, dob, notes) VALUES ('2024-DR-38-0342', 'Howard Grant', 'Guardian ad Litem', 'Court-appointed GAL', NULL, NULL);
INSERT INTO timeline_events (case_id, event_date, event_time, event_type, description, source_document, parties_involved) VALUES ('2024-DR-38-0342', '2023-03-31', '6:30 PM', 'DSS Action', 'DSS receives referral regarding Elijah Wright. School reports concerns about suspected neglect.', 'DSS Intake Report, p. 28', 'Elijah Wright, Marcus Perry');
INSERT INTO timeline_events (case_id, event_date, event_time, event_type, description, source_document, parties_involved) VALUES ('2024-DR-38-0342', '2023-04-08', '11:00 AM', 'DSS Action', 'Marcus Perry conducts scheduled home visit. Finds school reported chronic absenteeism and signs of neglect. Keisha Wright uncooperative and hostile.', 'Home Visit Report, p. 3', 'Marcus Perry, Keisha Wright');
INSERT INTO timeline_events (case_id, event_date, event_time, event_type, description, source_document, parties_involved) VALUES ('2024-DR-38-0342', '2023-04-26', NULL, 'DSS Action', 'DSS obtains emergency removal order. Elijah Wright (age 12) and Destiny Wright (age 12) placed in temporary shelter care. Keisha Wright informed of removal and rights.', 'Court Filing, Emergency Order, p. 28', 'Marcus Perry, Keisha Wright, Elijah Wright (age 12) and Destiny Wright (age 12)');
INSERT INTO timeline_events (case_id, event_date, event_time, event_type, description, source_document, parties_involved) VALUES ('2024-DR-38-0342', '2023-05-05', '2:00 AM', 'Court', 'Probable cause hearing before Judge Carolyn Bridges. Court finds probable cause of abuse. Keisha Wright present with retained counsel. Treatment plan ordered: domestic violence intervention program, individual counseling, anger management classes.', 'Court Filing, Order 1, p. 5', 'Keisha Wright, Marcus Perry, Judge Carolyn Bridges');
INSERT INTO timeline_events (case_id, event_date, event_time, event_type, description, source_document, parties_involved) VALUES ('2024-DR-38-0342', '2023-05-29', NULL, 'Court', 'Review hearing. Keisha Wright has partially completed on court-ordered treatment plan. Court continues current orders.', 'Court Filing, Order 2, p. 5', 'Keisha Wright, Marcus Perry, Judge Carolyn Bridges');
INSERT INTO timeline_events (case_id, event_date, event_time, event_type, description, source_document, parties_involved) VALUES ('2024-DR-38-0342', '2023-06-03', '5:15 AM', 'Placement', 'Elijah Wright (age 12) and Destiny Wright (age 12) transferred to kinship placement.', 'Placement Agreement, p. 20', 'Elijah Wright (age 12) and Destiny Wright (age 12), Marcus Perry');
INSERT INTO statements (case_id, person_id, statement_date, made_to, statement_text, source_document, page_reference) VALUES ('2024-DR-38-0342', 122, '2023-03-31', 'Law Enforcement', 'I love my babies. I would never hurt them. I am doing my best.', 'Sheriff Report', 'p. 24');
INSERT INTO statements (case_id, person_id, statement_date, made_to, statement_text, source_document, page_reference) VALUES ('2024-DR-38-0342', 122, '2023-04-08', 'Law Enforcement', 'I am going to my appointments. I just need more time', 'Court Transcript', 'p. 7');
INSERT INTO statements (case_id, person_id, statement_date, made_to, statement_text, source_document, page_reference) VALUES ('2024-DR-38-0342', 122, '2023-04-26', 'Court', 'They are exaggerating. The kids were never in danger.', 'Court Transcript', 'p. 15');
INSERT INTO statements (case_id, person_id, statement_date, made_to, statement_text, source_document, page_reference) VALUES ('2024-DR-38-0342', 126, '2023-05-05', 'Court', 'During my home visit, Keisha Wright was cooperative but appeared anxious. Compliance with the case plan has been minimal.', 'Dictation PDF', 'p. 9');
INSERT INTO statements (case_id, person_id, statement_date, made_to, statement_text, source_document, page_reference) VALUES ('2024-DR-38-0342', 126, '2023-05-29', 'Court', 'Keisha Wright has missed 7 of 12 required counseling appointments. Additional supports have been offered.', 'Court Transcript', 'p. 24');
INSERT INTO statements (case_id, person_id, statement_date, made_to, statement_text, source_document, page_reference) VALUES ('2024-DR-38-0342', 126, '2023-06-03', 'Case Manager', 'I visited the children on 2024-11-29. The children are adjusting well.', 'Court Transcript', 'p. 25');
INSERT INTO statements (case_id, person_id, statement_date, made_to, statement_text, source_document, page_reference) VALUES ('2024-DR-38-0342', 127, '2023-06-03', 'Court', 'In my assessment, further time is needed to evaluate reunification potential. I recommend continued out-of-home placement.', 'GAL Report', 'p. 24');
INSERT INTO discrepancies (case_id, topic, person_a_id, person_a_account, person_b_id, person_b_account, contradicted_by, source_document) VALUES ('2024-DR-38-0342', 'Parenting capacity', 122, 'States children were never in danger. States neighbors/family can vouch for care.', 126, 'Medical records show behavioral issues emerging.', 'GAL report contradict parent account.', 'Medical Records, Sheriff Report');
INSERT INTO discrepancies (case_id, topic, person_a_id, person_a_account, person_b_id, person_b_account, contradicted_by, source_document) VALUES ('2024-DR-38-0342', 'Compliance with treatment plan', 122, 'States full compliance with court-ordered services. Claims provider delays for any gaps.', 123, 'DSS records show repeated no-shows. No documentation of completion submitted.', 'Provider records and DSS documentation contradict parent claims of compliance.', 'Court Transcript, Sheriff Report');
INSERT INTO discrepancies (case_id, topic, person_a_id, person_a_account, person_b_id, person_b_account, contradicted_by, source_document) VALUES ('2024-DR-38-0342', 'Substance use', 122, 'Denies current alcohol abuse. States use was in the past.', 123, 'Law enforcement report show evidence of impairment.', 'Lab results and clinical observations contradict self-report.', 'Court Filing, GAL Report');
INSERT INTO discrepancies (case_id, topic, person_a_id, person_a_account, person_b_id, person_b_account, contradicted_by, source_document) VALUES ('2024-DR-38-0342', 'Home conditions', 122, 'States the home is clean and safe. Denies any safety hazards.', 126, 'Marcus Perry documents safety hazards during home visit. Photographs taken.', 'Home visit report and photographs contradict parent account.', 'Treatment Progress Report, Sheriff Report');

-- Case 23: 2023-DR-22-0289
INSERT INTO cases (case_id, case_title, case_type, circuit, county, filed_date, status, plaintiff, summary) VALUES ('2023-DR-22-0289', 'DSS v. Morgan — Voluntary Placement', 'Voluntary Placement', 'Third Judicial Circuit', 'Sumter', '2023-04-29', 'Active', 'SC Department of Social Services', 'Voluntary Placement case involving Nia Morgan (age 14). Children removed after parent found to be incapacitated due to substance use while children were present. Sharon Morgan ordered to complete treatment plan including family therapy sessions, gainful employment, parenting skills classes (12 weeks). Case is ongoing with next hearing scheduled.');
INSERT INTO people (case_id, full_name, role, relationship, dob, notes) VALUES ('2023-DR-22-0289', 'Sharon Morgan', 'Parent', 'Mother of Nia Morgan (age 14)', '1988-11-03', NULL);
INSERT INTO people (case_id, full_name, role, relationship, dob, notes) VALUES ('2023-DR-22-0289', 'Jamal Morgan', 'Parent', 'Father of Nia Morgan (age 14)', '1986-12-02', NULL);
INSERT INTO people (case_id, full_name, role, relationship, dob, notes) VALUES ('2023-DR-22-0289', 'Nia Morgan', 'Child', 'Minor child, age 14', '2010-03-14', NULL);
INSERT INTO people (case_id, full_name, role, relationship, dob, notes) VALUES ('2023-DR-22-0289', 'Jennifer Tate', 'Case Manager', 'DSS Case Manager', NULL, NULL);
INSERT INTO people (case_id, full_name, role, relationship, dob, notes) VALUES ('2023-DR-22-0289', 'Raymond Holt', 'Guardian ad Litem', 'Court-appointed GAL', NULL, NULL);
INSERT INTO timeline_events (case_id, event_date, event_time, event_type, description, source_document, parties_involved) VALUES ('2023-DR-22-0289', '2023-04-09', '10:45 AM', 'DSS Action', 'DSS receives referral regarding Nia Morgan. Neighbor reports concerns about child welfare.', 'DSS Intake Report, p. 1', 'Nia Morgan, Jennifer Tate');
INSERT INTO timeline_events (case_id, event_date, event_time, event_type, description, source_document, parties_involved) VALUES ('2023-DR-22-0289', '2023-04-10', '10:45 PM', 'DSS Action', 'Jennifer Tate conducts scheduled home visit. Finds parent found to be incapacitated due to substance use while children were present. Sharon Morgan appeared impaired.', 'Home Visit Report, p. 15', 'Jennifer Tate, Sharon Morgan');
INSERT INTO timeline_events (case_id, event_date, event_time, event_type, description, source_document, parties_involved) VALUES ('2023-DR-22-0289', '2023-04-29', '9:45 PM', 'DSS Action', 'DSS obtains emergency removal order. Nia Morgan (age 14) placed in temporary shelter care. Sharon Morgan informed of removal and rights.', 'Court Filing, Emergency Order, p. 27', 'Jennifer Tate, Sharon Morgan, Nia Morgan (age 14)');
INSERT INTO timeline_events (case_id, event_date, event_time, event_type, description, source_document, parties_involved) VALUES ('2023-DR-22-0289', '2023-05-10', NULL, 'Court', 'Probable cause hearing before Judge Harold Wynn. Court finds probable cause of abuse. Sharon Morgan present with appointed counsel. Treatment plan ordered: family therapy sessions, gainful employment, parenting skills classes (12 weeks).', 'Court Filing, Order 1, p. 21', 'Sharon Morgan, Jennifer Tate, Judge Harold Wynn');
INSERT INTO timeline_events (case_id, event_date, event_time, event_type, description, source_document, parties_involved) VALUES ('2023-DR-22-0289', '2023-05-29', '9:30 PM', 'Court', 'Review hearing. Sharon Morgan has not complied with on court-ordered treatment plan. Court approves modified case plan.', 'Court Filing, Order 2, p. 3', 'Sharon Morgan, Jennifer Tate, Judge Harold Wynn');
INSERT INTO statements (case_id, person_id, statement_date, made_to, statement_text, source_document, page_reference) VALUES ('2023-DR-22-0289', 128, '2023-04-09', 'Medical Staff', 'I love my children. I would never hurt them. Things have been hard.', 'Court Transcript', 'p. 12');
INSERT INTO statements (case_id, person_id, statement_date, made_to, statement_text, source_document, page_reference) VALUES ('2023-DR-22-0289', 128, '2023-04-10', 'Medical Staff', 'I am working on myself. I am willing to do whatever it takes', 'Court Transcript', 'p. 12');
INSERT INTO statements (case_id, person_id, statement_date, made_to, statement_text, source_document, page_reference) VALUES ('2023-DR-22-0289', 128, '2023-04-29', 'Court', 'The report is not accurate. It was a misunderstanding.', 'Dictation PDF', 'p. 2');
INSERT INTO statements (case_id, person_id, statement_date, made_to, statement_text, source_document, page_reference) VALUES ('2023-DR-22-0289', 131, '2023-05-10', 'Case Manager', 'During my home visit, Sharon Morgan minimized the severity of the situation. I have concerns about the children returning.', 'Dictation PDF', 'p. 24');
INSERT INTO statements (case_id, person_id, statement_date, made_to, statement_text, source_document, page_reference) VALUES ('2023-DR-22-0289', 131, '2023-05-29', 'Case Manager', 'Sharon Morgan has not enrolled in 3 of 12 required drug screens. DSS continues to monitor.', 'Home Visit Report', 'p. 16');
INSERT INTO statements (case_id, person_id, statement_date, made_to, statement_text, source_document, page_reference) VALUES ('2023-DR-22-0289', 131, '2023-05-29', 'Case Manager', 'I spoke with the foster family on 2024-10-31. The placement is stable and appropriate.', 'Home Visit Report', 'p. 18');
INSERT INTO statements (case_id, person_id, statement_date, made_to, statement_text, source_document, page_reference) VALUES ('2023-DR-22-0289', 131, '2023-05-29', 'Court', 'During my home visit, Sharon Morgan minimized the severity of the situation. I have concerns about the children returning.', 'Court Transcript', 'p. 13');
INSERT INTO statements (case_id, person_id, statement_date, made_to, statement_text, source_document, page_reference) VALUES ('2023-DR-22-0289', 132, '2023-05-29', 'Court', 'In my assessment, it is in the best interest of the children to remain in care. I recommend reunification with safety plan.', 'GAL Report', 'p. 20');
INSERT INTO discrepancies (case_id, topic, person_a_id, person_a_account, person_b_id, person_b_account, contradicted_by, source_document) VALUES ('2023-DR-22-0289', 'Substance use', 128, 'Denies current substance use. Denies any history of use.', 131, 'Medical evaluation show evidence of impairment.', 'Lab results and case manager notes contradict self-report.', 'Court Filing, Dictation PDF');
INSERT INTO discrepancies (case_id, topic, person_a_id, person_a_account, person_b_id, person_b_account, contradicted_by, source_document) VALUES ('2023-DR-22-0289', 'Compliance with treatment plan', 128, 'States full compliance with court-ordered services. Claims provider delays for any gaps.', 131, 'DSS records show repeated no-shows. Bus passes were provided but unused.', 'Provider records and DSS documentation contradict parent claims of compliance.', 'GAL Report, GAL Report');
INSERT INTO discrepancies (case_id, topic, person_a_id, person_a_account, person_b_id, person_b_account, contradicted_by, source_document) VALUES ('2023-DR-22-0289', 'Parenting capacity', 128, 'States children were never in danger. Blames circumstances, not parenting.', 129, 'GAL observations show chronic absenteeism.', 'Child statements contradict parent account.', 'Placement Agreement, Medical Records');
INSERT INTO discrepancies (case_id, topic, person_a_id, person_a_account, person_b_id, person_b_account, contradicted_by, source_document) VALUES ('2023-DR-22-0289', 'Home conditions', 128, 'States the home is temporarily messy due to moving. Denies any safety hazards.', 129, 'Jennifer Tate documents lack of food during home visit. Conditions verified by law enforcement.', 'Home visit report and photographs contradict parent account.', 'Dictation PDF, Medical Records');

-- Case 24: 2024-DR-29-0329
INSERT INTO cases (case_id, case_title, case_type, circuit, county, filed_date, status, plaintiff, summary) VALUES ('2024-DR-29-0329', 'DSS v. Simmons — Emergency Removal', 'Emergency Removal', 'First Judicial Circuit', 'Calhoun', '2024-04-12', 'Closed', 'SC Department of Social Services', 'Emergency Removal case involving Josiah Simmons (age 3). Lorraine Cox completed court-ordered treatment plan including parenting skills classes (12 weeks) and gainful employment. Children successfully reunified with Lorraine Cox under ongoing DSS monitoring. Case closed.');
INSERT INTO people (case_id, full_name, role, relationship, dob, notes) VALUES ('2024-DR-29-0329', 'Lorraine Cox', 'Parent', 'Mother of Josiah Simmons (age 3)', '1997-01-12', NULL);
INSERT INTO people (case_id, full_name, role, relationship, dob, notes) VALUES ('2024-DR-29-0329', 'Jamal Simmons', 'Parent', 'Father of Josiah Simmons (age 3)', '1991-01-10', NULL);
INSERT INTO people (case_id, full_name, role, relationship, dob, notes) VALUES ('2024-DR-29-0329', 'Josiah Simmons', 'Child', 'Minor child, age 3', '2020-09-17', NULL);
INSERT INTO people (case_id, full_name, role, relationship, dob, notes) VALUES ('2024-DR-29-0329', 'Marcus Perry', 'Case Manager', 'DSS Case Manager', NULL, NULL);
INSERT INTO people (case_id, full_name, role, relationship, dob, notes) VALUES ('2024-DR-29-0329', 'Caroline Fisher', 'Guardian ad Litem', 'Court-appointed GAL', NULL, NULL);
INSERT INTO timeline_events (case_id, event_date, event_time, event_type, description, source_document, parties_involved) VALUES ('2024-DR-29-0329', '2024-03-10', NULL, 'DSS Action', 'DSS receives referral regarding Josiah Simmons. Neighbor reports concerns about suspected abuse.', 'DSS Intake Report, p. 12', 'Josiah Simmons, Marcus Perry');
INSERT INTO timeline_events (case_id, event_date, event_time, event_type, description, source_document, parties_involved) VALUES ('2024-DR-29-0329', '2024-04-02', '1:15 AM', 'DSS Action', 'Marcus Perry conducts scheduled home visit. Finds parent arrested on drug charges with children in vehicle. Lorraine Cox not present at the home.', 'Home Visit Report, p. 15', 'Marcus Perry, Lorraine Cox');
INSERT INTO timeline_events (case_id, event_date, event_time, event_type, description, source_document, parties_involved) VALUES ('2024-DR-29-0329', '2024-04-12', '12:30 AM', 'DSS Action', 'DSS obtains emergency removal order. Josiah Simmons (age 3) placed in emergency foster care. Lorraine Cox informed of removal and rights.', 'Court Filing, Emergency Order, p. 27', 'Marcus Perry, Lorraine Cox, Josiah Simmons (age 3)');
INSERT INTO timeline_events (case_id, event_date, event_time, event_type, description, source_document, parties_involved) VALUES ('2024-DR-29-0329', '2024-04-20', '8:15 AM', 'Court', 'Probable cause hearing before Judge David Strickland. Court finds probable cause of abuse. Lorraine Cox present with appointed counsel. Treatment plan ordered: parenting skills classes (12 weeks), gainful employment, individual counseling, random drug screening, stable housing.', 'Court Filing, Order 1, p. 18', 'Lorraine Cox, Marcus Perry, Judge David Strickland');
INSERT INTO timeline_events (case_id, event_date, event_time, event_type, description, source_document, parties_involved) VALUES ('2024-DR-29-0329', '2024-05-10', NULL, 'Court', 'Review hearing. Lorraine Cox has not complied with on court-ordered treatment plan. Court continues current orders.', 'Court Filing, Order 2, p. 14', 'Lorraine Cox, Marcus Perry, Judge David Strickland');
INSERT INTO timeline_events (case_id, event_date, event_time, event_type, description, source_document, parties_involved) VALUES ('2024-DR-29-0329', '2024-06-01', '11:00 PM', 'Placement', 'Josiah Simmons (age 3) placed in therapeutic foster care.', 'Placement Agreement, p. 20', 'Josiah Simmons (age 3), Marcus Perry');
INSERT INTO timeline_events (case_id, event_date, event_time, event_type, description, source_document, parties_involved) VALUES ('2024-DR-29-0329', '2024-06-10', '1:00 PM', 'Medical', 'Psychological evaluation of Lorraine Cox completed. Findings consistent with reported concerns.', 'Substance Abuse Evaluation Report, p. 9', 'Lorraine Cox');
INSERT INTO statements (case_id, person_id, statement_date, made_to, statement_text, source_document, page_reference) VALUES ('2024-DR-29-0329', 133, '2024-03-10', 'Court', 'I love my kids. I would never hurt them. I just need some help.', 'Court Transcript', 'p. 6');
INSERT INTO statements (case_id, person_id, statement_date, made_to, statement_text, source_document, page_reference) VALUES ('2024-DR-29-0329', 133, '2024-04-02', 'Court', 'I am going to my appointments. I want my kids back', 'Sheriff Report', 'p. 6');
INSERT INTO statements (case_id, person_id, statement_date, made_to, statement_text, source_document, page_reference) VALUES ('2024-DR-29-0329', 133, '2024-04-12', 'Case Manager', 'The report is not accurate. The kids were never in danger.', 'Sheriff Report', 'p. 16');
INSERT INTO statements (case_id, person_id, statement_date, made_to, statement_text, source_document, page_reference) VALUES ('2024-DR-29-0329', 136, '2024-04-20', 'Case Manager', 'During my initial assessment, Lorraine Cox minimized the severity of the situation. The home was not safe for children.', 'Dictation PDF', 'p. 21');
INSERT INTO statements (case_id, person_id, statement_date, made_to, statement_text, source_document, page_reference) VALUES ('2024-DR-29-0329', 137, '2024-05-10', 'Court', 'In my assessment, the children are thriving in their current placement. I recommend TPR and adoption planning.', 'GAL Report', 'p. 17');
INSERT INTO discrepancies (case_id, topic, person_a_id, person_a_account, person_b_id, person_b_account, contradicted_by, source_document) VALUES ('2024-DR-29-0329', 'Cause of injuries / incident', 133, 'States the child fell. Reports child fell from furniture.', 136, 'Medical evidence contradicts this account. Injuries inconsistent with reported mechanism.', 'Witness statement contradicts this account.', 'Placement Agreement, GAL Report');
INSERT INTO discrepancies (case_id, topic, person_a_id, person_a_account, person_b_id, person_b_account, contradicted_by, source_document) VALUES ('2024-DR-29-0329', 'Parenting capacity', 133, 'States is a capable parent. Claims children were happy and healthy.', 134, 'Foster care reports show behavioral issues emerging.', 'GAL report contradict parent account.', 'GAL Report, Court Transcript');
INSERT INTO discrepancies (case_id, topic, person_a_id, person_a_account, person_b_id, person_b_account, contradicted_by, source_document) VALUES ('2024-DR-29-0329', 'Home conditions', 133, 'States the home is temporarily messy due to moving. Denies any safety hazards.', 134, 'Marcus Perry documents utility shutoffs during home visit. Conditions verified by law enforcement.', 'Home visit report and photographs contradict parent account.', 'Medical Records, DSS Intake Report');

-- Case 25: 2024-DR-21-0325
INSERT INTO cases (case_id, case_title, case_type, circuit, county, filed_date, status, plaintiff, summary) VALUES ('2024-DR-21-0325', 'DSS v. Harris — Physical Abuse', 'Physical Abuse', 'Fourteenth Judicial Circuit', 'Allendale', '2024-03-11', 'Closed', 'SC Department of Social Services', 'Physical Abuse case involving Imani Harris (age 6). Rodney Harris completed court-ordered treatment plan including anger management classes and psychological evaluation. Children successfully reunified with Rodney Harris under ongoing DSS monitoring. Case closed.');
INSERT INTO people (case_id, full_name, role, relationship, dob, notes) VALUES ('2024-DR-21-0325', 'Lorraine Harris', 'Parent', 'Mother of Imani Harris (age 6)', '1995-04-19', NULL);
INSERT INTO people (case_id, full_name, role, relationship, dob, notes) VALUES ('2024-DR-21-0325', 'Rodney Harris', 'Parent', 'Father of Imani Harris (age 6)', '1988-09-17', NULL);
INSERT INTO people (case_id, full_name, role, relationship, dob, notes) VALUES ('2024-DR-21-0325', 'Imani Harris', 'Child', 'Minor child, age 6', '2018-03-13', NULL);
INSERT INTO people (case_id, full_name, role, relationship, dob, notes) VALUES ('2024-DR-21-0325', 'Tamara Hughes', 'Case Manager', 'DSS Case Manager', NULL, NULL);
INSERT INTO people (case_id, full_name, role, relationship, dob, notes) VALUES ('2024-DR-21-0325', 'Howard Grant', 'Guardian ad Litem', 'Court-appointed GAL', NULL, NULL);
INSERT INTO timeline_events (case_id, event_date, event_time, event_type, description, source_document, parties_involved) VALUES ('2024-DR-21-0325', '2024-01-29', '8:00 AM', 'DSS Action', 'DSS receives referral regarding Imani Harris. Anonymous tipline reports concerns about child welfare.', 'DSS Intake Report, p. 20', 'Imani Harris, Tamara Hughes');
INSERT INTO timeline_events (case_id, event_date, event_time, event_type, description, source_document, parties_involved) VALUES ('2024-DR-21-0325', '2024-02-21', '2:45 PM', 'DSS Action', 'Tamara Hughes conducts scheduled home visit. Finds parent failed to seek medical attention for child injuries. Rodney Harris not present at the home.', 'Home Visit Report, p. 4', 'Tamara Hughes, Rodney Harris');
INSERT INTO timeline_events (case_id, event_date, event_time, event_type, description, source_document, parties_involved) VALUES ('2024-DR-21-0325', '2024-03-11', '4:30 PM', 'DSS Action', 'DSS obtains emergency removal order. Imani Harris (age 6) placed in kinship care with relative. Rodney Harris informed of removal and rights.', 'Court Filing, Emergency Order, p. 6', 'Tamara Hughes, Rodney Harris, Imani Harris (age 6)');
INSERT INTO timeline_events (case_id, event_date, event_time, event_type, description, source_document, parties_involved) VALUES ('2024-DR-21-0325', '2024-03-28', '12:15 AM', 'Court', 'Probable cause hearing before Judge William Harmon. Court finds probable cause of abuse. Rodney Harris present with retained counsel. Treatment plan ordered: anger management classes, psychological evaluation, random drug screening.', 'Court Filing, Order 1, p. 24', 'Rodney Harris, Tamara Hughes, Judge William Harmon');
INSERT INTO timeline_events (case_id, event_date, event_time, event_type, description, source_document, parties_involved) VALUES ('2024-DR-21-0325', '2024-03-29', NULL, 'Court', 'Review hearing. Rodney Harris has not complied with on court-ordered treatment plan. Court approves modified case plan.', 'Court Filing, Order 2, p. 11', 'Rodney Harris, Tamara Hughes, Judge William Harmon');
INSERT INTO statements (case_id, person_id, statement_date, made_to, statement_text, source_document, page_reference) VALUES ('2024-DR-21-0325', 139, '2024-01-29', 'Law Enforcement', 'I love my babies. I would never hurt them. I know I made mistakes.', 'Sheriff Report', 'p. 24');
INSERT INTO statements (case_id, person_id, statement_date, made_to, statement_text, source_document, page_reference) VALUES ('2024-DR-21-0325', 139, '2024-02-21', 'Court', 'I am working on myself. I just need more time', 'Court Transcript', 'p. 19');
INSERT INTO statements (case_id, person_id, statement_date, made_to, statement_text, source_document, page_reference) VALUES ('2024-DR-21-0325', 139, '2024-03-11', 'Law Enforcement', 'That is not what happened. I can explain.', 'Court Transcript', 'p. 14');
INSERT INTO statements (case_id, person_id, statement_date, made_to, statement_text, source_document, page_reference) VALUES ('2024-DR-21-0325', 141, '2024-03-28', 'Court', 'During my home visit, Rodney Harris was hostile and refused to answer questions. The home was not safe for children.', 'Home Visit Report', 'p. 18');
INSERT INTO statements (case_id, person_id, statement_date, made_to, statement_text, source_document, page_reference) VALUES ('2024-DR-21-0325', 142, '2024-03-29', 'Court', 'In my assessment, further time is needed to evaluate reunification potential. I recommend a permanency hearing be scheduled.', 'GAL Report', 'p. 24');
INSERT INTO discrepancies (case_id, topic, person_a_id, person_a_account, person_b_id, person_b_account, contradicted_by, source_document) VALUES ('2024-DR-21-0325', 'Parenting capacity', 139, 'States provides adequate supervision. Blames circumstances, not parenting.', 138, 'Foster care reports show chronic absenteeism.', 'GAL report contradict parent account.', 'Medical Records, Dictation PDF');
INSERT INTO discrepancies (case_id, topic, person_a_id, person_a_account, person_b_id, person_b_account, contradicted_by, source_document) VALUES ('2024-DR-21-0325', 'Compliance with treatment plan', 139, 'States full compliance with court-ordered services. Claims scheduling conflicts for any gaps.', 141, 'DSS records show incomplete requirements. Providers confirm non-attendance.', 'Provider records and DSS documentation contradict parent claims of compliance.', 'School Report, Dictation PDF');

-- Case 26: 2024-DR-26-0362
INSERT INTO cases (case_id, case_title, case_type, circuit, county, filed_date, status, plaintiff, summary) VALUES ('2024-DR-26-0362', 'DSS v. Lewis — Voluntary Placement', 'Voluntary Placement', 'Sixth Judicial Circuit', 'Fairfield', '2023-04-26', 'Dismissed', 'SC Department of Social Services', 'Voluntary Placement case involving Jalen Lewis (age 6). Investigation found insufficient evidence to substantiate allegations. Case dismissed by Judge Sandra Templeton.');
INSERT INTO people (case_id, full_name, role, relationship, dob, notes) VALUES ('2024-DR-26-0362', 'Felicia Lewis', 'Parent', 'Mother of Jalen Lewis (age 6)', '1999-04-14', NULL);
INSERT INTO people (case_id, full_name, role, relationship, dob, notes) VALUES ('2024-DR-26-0362', 'Travis Lewis', 'Parent', 'Father of Jalen Lewis (age 6)', '1986-05-08', NULL);
INSERT INTO people (case_id, full_name, role, relationship, dob, notes) VALUES ('2024-DR-26-0362', 'Jalen Lewis', 'Child', 'Minor child, age 6', '2018-02-12', NULL);
INSERT INTO people (case_id, full_name, role, relationship, dob, notes) VALUES ('2024-DR-26-0362', 'Andrea Foster', 'Case Manager', 'DSS Case Manager', NULL, NULL);
INSERT INTO people (case_id, full_name, role, relationship, dob, notes) VALUES ('2024-DR-26-0362', 'Caroline Fisher', 'Guardian ad Litem', 'Court-appointed GAL', NULL, NULL);
INSERT INTO timeline_events (case_id, event_date, event_time, event_type, description, source_document, parties_involved) VALUES ('2024-DR-26-0362', '2023-04-02', NULL, 'DSS Action', 'DSS receives referral regarding Jalen Lewis. Hospital reports concerns about home conditions.', 'DSS Intake Report, p. 25', 'Jalen Lewis, Andrea Foster');
INSERT INTO timeline_events (case_id, event_date, event_time, event_type, description, source_document, parties_involved) VALUES ('2024-DR-26-0362', '2023-04-11', '4:00 AM', 'DSS Action', 'Andrea Foster conducts unannounced home visit. Finds home found to be unsafe with exposed wiring and no working smoke detectors. Travis Lewis uncooperative and hostile.', 'Home Visit Report, p. 19', 'Andrea Foster, Travis Lewis');
INSERT INTO timeline_events (case_id, event_date, event_time, event_type, description, source_document, parties_involved) VALUES ('2024-DR-26-0362', '2023-04-26', NULL, 'DSS Action', 'DSS obtains emergency removal order. Jalen Lewis (age 6) placed in kinship care with relative. Travis Lewis informed of removal and rights.', 'Court Filing, Emergency Order, p. 26', 'Andrea Foster, Travis Lewis, Jalen Lewis (age 6)');
INSERT INTO timeline_events (case_id, event_date, event_time, event_type, description, source_document, parties_involved) VALUES ('2024-DR-26-0362', '2023-05-07', '3:00 PM', 'Court', 'Probable cause hearing before Judge Sandra Templeton. Court finds probable cause of abuse. Travis Lewis present with retained counsel. Treatment plan ordered: stable housing, anger management classes, domestic violence intervention program.', 'Court Filing, Order 1, p. 15', 'Travis Lewis, Andrea Foster, Judge Sandra Templeton');
INSERT INTO timeline_events (case_id, event_date, event_time, event_type, description, source_document, parties_involved) VALUES ('2024-DR-26-0362', '2023-06-01', '9:15 PM', 'Court', 'Review hearing. Travis Lewis has partially completed on court-ordered treatment plan. Court warns of potential TPR.', 'Court Filing, Order 2, p. 21', 'Travis Lewis, Andrea Foster, Judge Sandra Templeton');
INSERT INTO timeline_events (case_id, event_date, event_time, event_type, description, source_document, parties_involved) VALUES ('2024-DR-26-0362', '2023-06-18', NULL, 'Placement', 'Jalen Lewis (age 6) transferred to kinship placement.', 'Placement Agreement, p. 7', 'Jalen Lewis (age 6), Andrea Foster');
INSERT INTO timeline_events (case_id, event_date, event_time, event_type, description, source_document, parties_involved) VALUES ('2024-DR-26-0362', '2023-06-26', '2:45 AM', 'Medical', 'Substance abuse evaluation of Jalen Lewis completed. Results pending.', 'Medical Records, p. 26', 'Jalen Lewis');
INSERT INTO statements (case_id, person_id, statement_date, made_to, statement_text, source_document, page_reference) VALUES ('2024-DR-26-0362', 144, '2023-04-02', 'Case Manager', 'I love my babies. I would never hurt them. I just need some help.', 'Sheriff Report', 'p. 19');
INSERT INTO statements (case_id, person_id, statement_date, made_to, statement_text, source_document, page_reference) VALUES ('2024-DR-26-0362', 144, '2023-04-11', 'Law Enforcement', 'I am going to my appointments. I have been following the case plan', 'Dictation PDF', 'p. 3');
INSERT INTO statements (case_id, person_id, statement_date, made_to, statement_text, source_document, page_reference) VALUES ('2024-DR-26-0362', 144, '2023-04-26', 'Court', 'The report is not accurate. The kids were never in danger.', 'Sheriff Report', 'p. 3');
INSERT INTO statements (case_id, person_id, statement_date, made_to, statement_text, source_document, page_reference) VALUES ('2024-DR-26-0362', 146, '2023-05-07', 'Court', 'During my office interview, Travis Lewis was hostile and refused to answer questions. The home was not safe for children.', 'Home Visit Report', 'p. 18');
INSERT INTO statements (case_id, person_id, statement_date, made_to, statement_text, source_document, page_reference) VALUES ('2024-DR-26-0362', 146, '2023-06-01', 'Court', 'Travis Lewis has missed 3 of 12 required parenting classes. This level of compliance is insufficient.', 'Dictation PDF', 'p. 21');
INSERT INTO statements (case_id, person_id, statement_date, made_to, statement_text, source_document, page_reference) VALUES ('2024-DR-26-0362', 146, '2023-06-18', 'Court', 'I reviewed school records on 2025-02-23. The children expressed desire to return home.', 'Court Transcript', 'p. 23');
INSERT INTO statements (case_id, person_id, statement_date, made_to, statement_text, source_document, page_reference) VALUES ('2024-DR-26-0362', 146, '2023-06-26', 'Court', 'During my office interview, Travis Lewis was hostile and refused to answer questions. The home was not safe for children.', 'Court Transcript', 'p. 23');
INSERT INTO statements (case_id, person_id, statement_date, made_to, statement_text, source_document, page_reference) VALUES ('2024-DR-26-0362', 147, '2023-06-26', 'Court', 'In my assessment, the parent has not demonstrated ability to provide safe care. I recommend TPR and adoption planning.', 'GAL Report', 'p. 1');
INSERT INTO discrepancies (case_id, topic, person_a_id, person_a_account, person_b_id, person_b_account, contradicted_by, source_document) VALUES ('2024-DR-26-0362', 'Cause of injuries / incident', 144, 'States the child was already hurt. Claims no knowledge of how injuries occurred.', 143, 'Physical evidence contradicts this account. Witness observed different events.', 'Witness statement contradicts this account.', 'Psychological Evaluation, Home Visit Report');
INSERT INTO discrepancies (case_id, topic, person_a_id, person_a_account, person_b_id, person_b_account, contradicted_by, source_document) VALUES ('2024-DR-26-0362', 'Home conditions', 144, 'States the home is clean and safe. Denies any safety hazards.', 143, 'Andrea Foster documents unsanitary conditions during home visit. Conditions verified by law enforcement.', 'Home visit report and photographs contradict parent account.', 'Placement Agreement, Psychological Evaluation');

-- Case 27: 2025-DR-24-0382
INSERT INTO cases (case_id, case_title, case_type, circuit, county, filed_date, status, plaintiff, summary) VALUES ('2025-DR-24-0382', 'DSS v. Young — TPR', 'Termination of Parental Rights', 'Fifth Judicial Circuit', 'Kershaw', '2024-10-05', 'Active', 'SC Department of Social Services', 'Termination of Parental Rights case involving Aiden Young (age 4). Children removed after children left unsupervised for extended period. Nathaniel Young ordered to complete treatment plan including substance abuse evaluation and treatment, domestic violence intervention program, psychological evaluation. Case is ongoing with next hearing scheduled.');
INSERT INTO people (case_id, full_name, role, relationship, dob, notes) VALUES ('2025-DR-24-0382', 'Bridget Young', 'Parent', 'Mother of Aiden Young (age 4)', '1986-06-16', NULL);
INSERT INTO people (case_id, full_name, role, relationship, dob, notes) VALUES ('2025-DR-24-0382', 'Nathaniel Young', 'Parent', 'Father of Aiden Young (age 4)', '1984-01-25', NULL);
INSERT INTO people (case_id, full_name, role, relationship, dob, notes) VALUES ('2025-DR-24-0382', 'Aiden Young', 'Child', 'Minor child, age 4', '2020-02-02', NULL);
INSERT INTO people (case_id, full_name, role, relationship, dob, notes) VALUES ('2025-DR-24-0382', 'Sandra Reeves', 'Case Manager', 'DSS Case Manager', NULL, NULL);
INSERT INTO people (case_id, full_name, role, relationship, dob, notes) VALUES ('2025-DR-24-0382', 'Natalie Voss', 'Guardian ad Litem', 'Court-appointed GAL', NULL, NULL);
INSERT INTO timeline_events (case_id, event_date, event_time, event_type, description, source_document, parties_involved) VALUES ('2025-DR-24-0382', '2024-08-27', '12:30 AM', 'DSS Action', 'DSS receives referral regarding Aiden Young. Hospital reports concerns about suspected neglect.', 'DSS Intake Report, p. 21', 'Aiden Young, Sandra Reeves');
INSERT INTO timeline_events (case_id, event_date, event_time, event_type, description, source_document, parties_involved) VALUES ('2025-DR-24-0382', '2024-09-17', '4:15 PM', 'DSS Action', 'Sandra Reeves conducts unannounced home visit. Finds children left unsupervised for extended period. Nathaniel Young uncooperative and hostile.', 'Home Visit Report, p. 7', 'Sandra Reeves, Nathaniel Young');
INSERT INTO timeline_events (case_id, event_date, event_time, event_type, description, source_document, parties_involved) VALUES ('2025-DR-24-0382', '2024-10-05', NULL, 'DSS Action', 'DSS obtains emergency removal order. Aiden Young (age 4) placed in kinship care with relative. Nathaniel Young informed of removal and rights.', 'Court Filing, Emergency Order, p. 7', 'Sandra Reeves, Nathaniel Young, Aiden Young (age 4)');
INSERT INTO timeline_events (case_id, event_date, event_time, event_type, description, source_document, parties_involved) VALUES ('2025-DR-24-0382', '2024-10-19', '12:15 AM', 'Court', 'Probable cause hearing before Judge Theresa Boyd. Court finds probable cause of abuse. Nathaniel Young present with appointed counsel. Treatment plan ordered: substance abuse evaluation and treatment, domestic violence intervention program, psychological evaluation.', 'Court Filing, Order 1, p. 9', 'Nathaniel Young, Sandra Reeves, Judge Theresa Boyd');
INSERT INTO timeline_events (case_id, event_date, event_time, event_type, description, source_document, parties_involved) VALUES ('2025-DR-24-0382', '2024-10-29', '10:45 PM', 'Court', 'Review hearing. Nathaniel Young has partially completed on court-ordered treatment plan. Court approves modified case plan.', 'Court Filing, Order 2, p. 26', 'Nathaniel Young, Sandra Reeves, Judge Theresa Boyd');
INSERT INTO timeline_events (case_id, event_date, event_time, event_type, description, source_document, parties_involved) VALUES ('2025-DR-24-0382', '2024-11-16', '1:45 AM', 'Placement', 'Aiden Young (age 4) transferred to kinship placement.', 'Placement Agreement, p. 1', 'Aiden Young (age 4), Sandra Reeves');
INSERT INTO statements (case_id, person_id, statement_date, made_to, statement_text, source_document, page_reference) VALUES ('2025-DR-24-0382', 149, '2024-08-27', 'Court', 'I love my kids. I would never hurt them. Things have been hard.', 'Sheriff Report', 'p. 14');
INSERT INTO statements (case_id, person_id, statement_date, made_to, statement_text, source_document, page_reference) VALUES ('2025-DR-24-0382', 149, '2024-09-17', 'Medical Staff', 'I am getting my life together. I just need more time', 'Sheriff Report', 'p. 3');
INSERT INTO statements (case_id, person_id, statement_date, made_to, statement_text, source_document, page_reference) VALUES ('2025-DR-24-0382', 149, '2024-10-05', 'Court', 'They are exaggerating. Someone else was responsible.', 'Sheriff Report', 'p. 5');
INSERT INTO statements (case_id, person_id, statement_date, made_to, statement_text, source_document, page_reference) VALUES ('2025-DR-24-0382', 151, '2024-10-19', 'Court', 'During my initial assessment, Nathaniel Young minimized the severity of the situation. Progress has been made but is insufficient.', 'Dictation PDF', 'p. 11');
INSERT INTO statements (case_id, person_id, statement_date, made_to, statement_text, source_document, page_reference) VALUES ('2025-DR-24-0382', 151, '2024-10-29', 'Case Manager', 'Nathaniel Young has attended 7 of 12 required counseling appointments. This level of compliance is insufficient.', 'Dictation PDF', 'p. 3');
INSERT INTO statements (case_id, person_id, statement_date, made_to, statement_text, source_document, page_reference) VALUES ('2025-DR-24-0382', 152, '2024-11-16', 'Court', 'In my assessment, further time is needed to evaluate reunification potential. I recommend TPR and adoption planning.', 'GAL Report', 'p. 11');
INSERT INTO discrepancies (case_id, topic, person_a_id, person_a_account, person_b_id, person_b_account, contradicted_by, source_document) VALUES ('2025-DR-24-0382', 'Parenting capacity', 149, 'States children were never in danger. States neighbors/family can vouch for care.', 148, 'GAL observations show children expressed fear of returning home.', 'GAL report contradict parent account.', 'GAL Report, Sheriff Report');
INSERT INTO discrepancies (case_id, topic, person_a_id, person_a_account, person_b_id, person_b_account, contradicted_by, source_document) VALUES ('2025-DR-24-0382', 'Cause of injuries / incident', 149, 'States the child fell. Reports child fell from furniture.', 148, 'Physical evidence contradicts this account. Injuries inconsistent with reported mechanism.', 'Physical evidence contradicts this account.', 'Treatment Progress Report, Medical Records');
INSERT INTO discrepancies (case_id, topic, person_a_id, person_a_account, person_b_id, person_b_account, contradicted_by, source_document) VALUES ('2025-DR-24-0382', 'Substance use', 149, 'Denies current substance use. States use was in the past.', 148, 'Medical evaluation show track marks observed.', 'Lab results and case manager notes contradict self-report.', 'Placement Agreement, Court Filing');
INSERT INTO discrepancies (case_id, topic, person_a_id, person_a_account, person_b_id, person_b_account, contradicted_by, source_document) VALUES ('2025-DR-24-0382', 'Compliance with treatment plan', 149, 'States best effort with court-ordered services. Claims transportation issues for any gaps.', 151, 'DSS records show incomplete requirements. Providers confirm non-attendance.', 'Provider records and DSS documentation contradict parent claims of compliance.', 'Court Transcript, DSS Intake Report');

-- Case 28: 2024-DR-08-0394
INSERT INTO cases (case_id, case_title, case_type, circuit, county, filed_date, status, plaintiff, summary) VALUES ('2024-DR-08-0394', 'DSS v. Webb — CPS', 'Child Protective Services', 'Thirteenth Judicial Circuit', 'Greenville', '2025-05-01', 'Active', 'SC Department of Social Services', 'Child Protective Services case involving Bryce Webb (age 11). Children removed after parent arrested on drug charges with children in vehicle. Sabrina Webb ordered to complete treatment plan including substance abuse evaluation and treatment, stable housing, parenting skills classes (12 weeks). Case is ongoing with next hearing scheduled.');
INSERT INTO people (case_id, full_name, role, relationship, dob, notes) VALUES ('2024-DR-08-0394', 'Sabrina Webb', 'Parent', 'Mother of Bryce Webb (age 11)', '1996-07-24', NULL);
INSERT INTO people (case_id, full_name, role, relationship, dob, notes) VALUES ('2024-DR-08-0394', 'Corey Webb', 'Parent', 'Father of Bryce Webb (age 11)', '1988-02-06', NULL);
INSERT INTO people (case_id, full_name, role, relationship, dob, notes) VALUES ('2024-DR-08-0394', 'Bryce Webb', 'Child', 'Minor child, age 11', '2012-12-17', NULL);
INSERT INTO people (case_id, full_name, role, relationship, dob, notes) VALUES ('2024-DR-08-0394', 'Lisa Fontaine', 'Case Manager', 'DSS Case Manager', NULL, NULL);
INSERT INTO people (case_id, full_name, role, relationship, dob, notes) VALUES ('2024-DR-08-0394', 'Steven Marsh', 'Guardian ad Litem', 'Court-appointed GAL', NULL, NULL);
INSERT INTO timeline_events (case_id, event_date, event_time, event_type, description, source_document, parties_involved) VALUES ('2024-DR-08-0394', '2025-04-06', '5:00 PM', 'DSS Action', 'DSS receives referral regarding Bryce Webb. Anonymous tipline reports concerns about child welfare.', 'DSS Intake Report, p. 18', 'Bryce Webb, Lisa Fontaine');
INSERT INTO timeline_events (case_id, event_date, event_time, event_type, description, source_document, parties_involved) VALUES ('2024-DR-08-0394', '2025-04-17', '2:00 PM', 'DSS Action', 'Lisa Fontaine conducts scheduled home visit. Finds parent arrested on drug charges with children in vehicle. Sabrina Webb not present at the home.', 'Home Visit Report, p. 25', 'Lisa Fontaine, Sabrina Webb');
INSERT INTO timeline_events (case_id, event_date, event_time, event_type, description, source_document, parties_involved) VALUES ('2024-DR-08-0394', '2025-05-01', '11:30 AM', 'DSS Action', 'DSS obtains emergency removal order. Bryce Webb (age 11) placed in temporary shelter care. Sabrina Webb informed of removal and rights.', 'Court Filing, Emergency Order, p. 13', 'Lisa Fontaine, Sabrina Webb, Bryce Webb (age 11)');
INSERT INTO timeline_events (case_id, event_date, event_time, event_type, description, source_document, parties_involved) VALUES ('2024-DR-08-0394', '2025-05-11', '1:45 PM', 'Court', 'Probable cause hearing before Judge Sandra Templeton. Court finds probable cause of abuse. Sabrina Webb present with appointed counsel. Treatment plan ordered: substance abuse evaluation and treatment, stable housing, parenting skills classes (12 weeks).', 'Court Filing, Order 1, p. 1', 'Sabrina Webb, Lisa Fontaine, Judge Sandra Templeton');
INSERT INTO timeline_events (case_id, event_date, event_time, event_type, description, source_document, parties_involved) VALUES ('2024-DR-08-0394', '2025-06-09', '5:45 AM', 'Court', 'Review hearing. Sabrina Webb has not complied with on court-ordered treatment plan. Court schedules merits hearing.', 'Court Filing, Order 2, p. 7', 'Sabrina Webb, Lisa Fontaine, Judge Sandra Templeton');
INSERT INTO timeline_events (case_id, event_date, event_time, event_type, description, source_document, parties_involved) VALUES ('2024-DR-08-0394', '2025-06-25', '1:00 AM', 'Placement', 'Bryce Webb (age 11) moved to pre-adoptive placement.', 'Placement Agreement, p. 18', 'Bryce Webb (age 11), Lisa Fontaine');
INSERT INTO timeline_events (case_id, event_date, event_time, event_type, description, source_document, parties_involved) VALUES ('2024-DR-08-0394', '2025-06-26', '8:00 PM', 'Medical', 'Forensic interview of Bryce Webb completed. Referral for additional services recommended.', 'Psychological Evaluation, p. 15', 'Bryce Webb');
INSERT INTO timeline_events (case_id, event_date, event_time, event_type, description, source_document, parties_involved) VALUES ('2024-DR-08-0394', '2025-07-08', '10:00 AM', 'Law Enforcement', 'Detective takes report. Incident documented for DSS coordination.', 'Sheriff Report, p. 19', 'Sabrina Webb, Corey Webb');
INSERT INTO statements (case_id, person_id, statement_date, made_to, statement_text, source_document, page_reference) VALUES ('2024-DR-08-0394', 153, '2025-04-06', 'Medical Staff', 'I love my kids. I would never hurt them. Things have been hard.', 'Sheriff Report', 'p. 23');
INSERT INTO statements (case_id, person_id, statement_date, made_to, statement_text, source_document, page_reference) VALUES ('2024-DR-08-0394', 153, '2025-04-17', 'Case Manager', 'I am going to my appointments. I just need more time', 'Court Transcript', 'p. 5');
INSERT INTO statements (case_id, person_id, statement_date, made_to, statement_text, source_document, page_reference) VALUES ('2024-DR-08-0394', 153, '2025-05-01', 'Case Manager', 'That is not what happened. I can explain.', 'Dictation PDF', 'p. 7');
INSERT INTO statements (case_id, person_id, statement_date, made_to, statement_text, source_document, page_reference) VALUES ('2024-DR-08-0394', 156, '2025-05-11', 'Case Manager', 'During my initial assessment, Sabrina Webb was cooperative but appeared anxious. Compliance with the case plan has been minimal.', 'Home Visit Report', 'p. 13');
INSERT INTO statements (case_id, person_id, statement_date, made_to, statement_text, source_document, page_reference) VALUES ('2024-DR-08-0394', 156, '2025-06-09', 'Court', 'Sabrina Webb has attended 5 of 12 required counseling appointments. This level of compliance is insufficient.', 'Court Transcript', 'p. 10');
INSERT INTO statements (case_id, person_id, statement_date, made_to, statement_text, source_document, page_reference) VALUES ('2024-DR-08-0394', 156, '2025-06-25', 'Case Manager', 'I spoke with the foster family on 2024-11-29. The children are adjusting well.', 'Dictation PDF', 'p. 1');
INSERT INTO statements (case_id, person_id, statement_date, made_to, statement_text, source_document, page_reference) VALUES ('2024-DR-08-0394', 157, '2025-06-26', 'Court', 'In my assessment, the children are thriving in their current placement. I recommend a permanency hearing be scheduled.', 'GAL Report', 'p. 22');
INSERT INTO discrepancies (case_id, topic, person_a_id, person_a_account, person_b_id, person_b_account, contradicted_by, source_document) VALUES ('2024-DR-08-0394', 'Cause of injuries / incident', 153, 'States the incident did not happen. Reports child fell from furniture.', 156, 'Medical evidence contradicts this account. Witness observed different events.', 'Witness statement contradicts this account.', 'Home Visit Report, Medical Records');
INSERT INTO discrepancies (case_id, topic, person_a_id, person_a_account, person_b_id, person_b_account, contradicted_by, source_document) VALUES ('2024-DR-08-0394', 'Compliance with treatment plan', 153, 'States full compliance with court-ordered services. Claims scheduling conflicts for any gaps.', 154, 'DSS records show incomplete requirements. Providers confirm non-attendance.', 'Provider records and DSS documentation contradict parent claims of compliance.', 'Court Transcript, Court Filing');
INSERT INTO discrepancies (case_id, topic, person_a_id, person_a_account, person_b_id, person_b_account, contradicted_by, source_document) VALUES ('2024-DR-08-0394', 'Parenting capacity', 153, 'States children were never in danger. Claims children were happy and healthy.', 156, 'Foster care reports show untreated medical needs.', 'School attendance records contradict parent account.', 'Home Visit Report, Drug Screen Report');

-- Case 29: 2024-DR-18-0308
INSERT INTO cases (case_id, case_title, case_type, circuit, county, filed_date, status, plaintiff, summary) VALUES ('2024-DR-18-0308', 'DSS v. Parker — Guardianship', 'Guardianship', 'Seventh Judicial Circuit', 'Spartanburg', '2025-01-02', 'Active', 'SC Department of Social Services', 'Guardianship case involving Jalen Parker (age 6) and Maya Parker (age 3). Children removed after parent found to be incapacitated due to substance use while children were present. Robert Parker ordered to complete treatment plan including substance abuse evaluation and treatment, parenting skills classes (12 weeks), stable housing. Case is ongoing with next hearing scheduled.');
INSERT INTO people (case_id, full_name, role, relationship, dob, notes) VALUES ('2024-DR-18-0308', 'Iris Parker', 'Parent', 'Mother of Jalen Parker (age 6) and Maya Parker (age 3)', '1990-06-09', NULL);
INSERT INTO people (case_id, full_name, role, relationship, dob, notes) VALUES ('2024-DR-18-0308', 'Robert Parker', 'Parent', 'Father of Jalen Parker (age 6) and Maya Parker (age 3)', '1990-08-14', NULL);
INSERT INTO people (case_id, full_name, role, relationship, dob, notes) VALUES ('2024-DR-18-0308', 'Jalen Parker', 'Child', 'Minor child, age 6', '2018-03-22', NULL);
INSERT INTO people (case_id, full_name, role, relationship, dob, notes) VALUES ('2024-DR-18-0308', 'Maya Parker', 'Child', 'Minor child, age 3', '2020-09-21', NULL);
INSERT INTO people (case_id, full_name, role, relationship, dob, notes) VALUES ('2024-DR-18-0308', 'Lisa Fontaine', 'Case Manager', 'DSS Case Manager', NULL, NULL);
INSERT INTO people (case_id, full_name, role, relationship, dob, notes) VALUES ('2024-DR-18-0308', 'Valerie Dunn', 'Guardian ad Litem', 'Court-appointed GAL', NULL, NULL);
INSERT INTO timeline_events (case_id, event_date, event_time, event_type, description, source_document, parties_involved) VALUES ('2024-DR-18-0308', '2024-12-17', '3:00 AM', 'DSS Action', 'DSS receives referral regarding Jalen Parker. Anonymous tipline reports concerns about suspected neglect.', 'DSS Intake Report, p. 1', 'Jalen Parker, Lisa Fontaine');
INSERT INTO timeline_events (case_id, event_date, event_time, event_type, description, source_document, parties_involved) VALUES ('2024-DR-18-0308', '2024-12-18', '7:30 AM', 'DSS Action', 'Lisa Fontaine conducts unannounced home visit. Finds parent found to be incapacitated due to substance use while children were present. Robert Parker appeared impaired.', 'Home Visit Report, p. 15', 'Lisa Fontaine, Robert Parker');
INSERT INTO timeline_events (case_id, event_date, event_time, event_type, description, source_document, parties_involved) VALUES ('2024-DR-18-0308', '2025-01-02', '12:15 AM', 'DSS Action', 'DSS obtains emergency removal order. Jalen Parker (age 6) and Maya Parker (age 3) placed in emergency foster care. Robert Parker informed of removal and rights.', 'Court Filing, Emergency Order, p. 27', 'Lisa Fontaine, Robert Parker, Jalen Parker (age 6) and Maya Parker (age 3)');
INSERT INTO timeline_events (case_id, event_date, event_time, event_type, description, source_document, parties_involved) VALUES ('2024-DR-18-0308', '2025-01-21', '2:15 AM', 'Court', 'Probable cause hearing before Judge Robert Faircloth. Court finds probable cause of abuse. Robert Parker present with retained counsel. Treatment plan ordered: substance abuse evaluation and treatment, parenting skills classes (12 weeks), stable housing.', 'Court Filing, Order 1, p. 24', 'Robert Parker, Lisa Fontaine, Judge Robert Faircloth');
INSERT INTO timeline_events (case_id, event_date, event_time, event_type, description, source_document, parties_involved) VALUES ('2024-DR-18-0308', '2025-01-25', '8:45 AM', 'Court', 'Review hearing. Robert Parker has shown some improvement on court-ordered treatment plan. Court schedules merits hearing.', 'Court Filing, Order 2, p. 21', 'Robert Parker, Lisa Fontaine, Judge Robert Faircloth');
INSERT INTO timeline_events (case_id, event_date, event_time, event_type, description, source_document, parties_involved) VALUES ('2024-DR-18-0308', '2025-02-11', '2:15 PM', 'Placement', 'Jalen Parker (age 6) and Maya Parker (age 3) transferred to kinship placement.', 'Placement Agreement, p. 29', 'Jalen Parker (age 6) and Maya Parker (age 3), Lisa Fontaine');
INSERT INTO timeline_events (case_id, event_date, event_time, event_type, description, source_document, parties_involved) VALUES ('2024-DR-18-0308', '2025-03-13', '12:00 AM', 'Medical', 'Psychological evaluation of Jalen Parker completed. Findings consistent with reported concerns.', 'Medical Records, p. 12', 'Robert Parker');
INSERT INTO statements (case_id, person_id, statement_date, made_to, statement_text, source_document, page_reference) VALUES ('2024-DR-18-0308', 159, '2024-12-17', 'Law Enforcement', 'I love my babies. I would never hurt them. I know I made mistakes.', 'Court Transcript', 'p. 18');
INSERT INTO statements (case_id, person_id, statement_date, made_to, statement_text, source_document, page_reference) VALUES ('2024-DR-18-0308', 159, '2024-12-18', 'Law Enforcement', 'I am clean now. I want my kids back', 'Court Transcript', 'p. 12');
INSERT INTO statements (case_id, person_id, statement_date, made_to, statement_text, source_document, page_reference) VALUES ('2024-DR-18-0308', 159, '2025-01-02', 'Court', 'That is not what happened. Someone else was responsible.', 'Sheriff Report', 'p. 11');
INSERT INTO statements (case_id, person_id, statement_date, made_to, statement_text, source_document, page_reference) VALUES ('2024-DR-18-0308', 162, '2025-01-21', 'Court', 'During my initial assessment, Robert Parker was hostile and refused to answer questions. Progress has been made but is insufficient.', 'Dictation PDF', 'p. 19');
INSERT INTO statements (case_id, person_id, statement_date, made_to, statement_text, source_document, page_reference) VALUES ('2024-DR-18-0308', 162, '2025-01-25', 'Case Manager', 'Robert Parker has not enrolled in 5 of 12 required treatment sessions. This level of compliance is insufficient.', 'Home Visit Report', 'p. 16');
INSERT INTO statements (case_id, person_id, statement_date, made_to, statement_text, source_document, page_reference) VALUES ('2024-DR-18-0308', 163, '2025-02-11', 'Court', 'In my assessment, further time is needed to evaluate reunification potential. I recommend continued out-of-home placement.', 'GAL Report', 'p. 14');
INSERT INTO discrepancies (case_id, topic, person_a_id, person_a_account, person_b_id, person_b_account, contradicted_by, source_document) VALUES ('2024-DR-18-0308', 'Parenting capacity', 159, 'States children were never in danger. States neighbors/family can vouch for care.', 162, 'GAL observations show chronic absenteeism.', 'Medical history contradict parent account.', 'Court Filing, GAL Report');
INSERT INTO discrepancies (case_id, topic, person_a_id, person_a_account, person_b_id, person_b_account, contradicted_by, source_document) VALUES ('2024-DR-18-0308', 'Substance use', 159, 'Denies current substance use. States use was in the past.', 162, 'Drug screen results show evidence of impairment.', 'Lab results and case manager notes contradict self-report.', 'GAL Report, DSS Intake Report');

-- Case 30: 2024-DR-26-0373
INSERT INTO cases (case_id, case_title, case_type, circuit, county, filed_date, status, plaintiff, summary) VALUES ('2024-DR-26-0373', 'DSS v. Rivera — Family Preservation', 'Family Preservation', 'Fifth Judicial Circuit', 'Kershaw', '2024-09-15', 'Closed', 'SC Department of Social Services', 'Family Preservation case involving Faith Rivera (age 14). Terrence Rivera completed court-ordered treatment plan including psychological evaluation and domestic violence intervention program. Children successfully reunified with Terrence Rivera under ongoing DSS monitoring. Case closed.');
INSERT INTO people (case_id, full_name, role, relationship, dob, notes) VALUES ('2024-DR-26-0373', 'Keisha Rivera', 'Parent', 'Mother of Faith Rivera (age 14)', '1996-01-11', NULL);
INSERT INTO people (case_id, full_name, role, relationship, dob, notes) VALUES ('2024-DR-26-0373', 'Terrence Rivera', 'Parent', 'Father of Faith Rivera (age 14)', '1997-10-11', NULL);
INSERT INTO people (case_id, full_name, role, relationship, dob, notes) VALUES ('2024-DR-26-0373', 'Faith Rivera', 'Child', 'Minor child, age 14', '2010-05-16', NULL);
INSERT INTO people (case_id, full_name, role, relationship, dob, notes) VALUES ('2024-DR-26-0373', 'Donna Sullivan', 'Case Manager', 'DSS Case Manager', NULL, NULL);
INSERT INTO people (case_id, full_name, role, relationship, dob, notes) VALUES ('2024-DR-26-0373', 'Karen Milford', 'Guardian ad Litem', 'Court-appointed GAL', NULL, NULL);
INSERT INTO timeline_events (case_id, event_date, event_time, event_type, description, source_document, parties_involved) VALUES ('2024-DR-26-0373', '2024-08-21', '11:30 PM', 'DSS Action', 'DSS receives referral regarding Faith Rivera. School reports concerns about home conditions.', 'DSS Intake Report, p. 28', 'Faith Rivera, Donna Sullivan');
INSERT INTO timeline_events (case_id, event_date, event_time, event_type, description, source_document, parties_involved) VALUES ('2024-DR-26-0373', '2024-09-05', '11:15 PM', 'DSS Action', 'Donna Sullivan conducts unannounced home visit. Finds children found wandering outside at night without supervision. Terrence Rivera uncooperative and hostile.', 'Home Visit Report, p. 22', 'Donna Sullivan, Terrence Rivera');
INSERT INTO timeline_events (case_id, event_date, event_time, event_type, description, source_document, parties_involved) VALUES ('2024-DR-26-0373', '2024-09-15', '5:45 AM', 'DSS Action', 'DSS obtains emergency removal order. Faith Rivera (age 14) placed in kinship care with relative. Terrence Rivera informed of removal and rights.', 'Court Filing, Emergency Order, p. 20', 'Donna Sullivan, Terrence Rivera, Faith Rivera (age 14)');
INSERT INTO timeline_events (case_id, event_date, event_time, event_type, description, source_document, parties_involved) VALUES ('2024-DR-26-0373', '2024-09-25', '2:15 AM', 'Court', 'Probable cause hearing before Judge Sandra Templeton. Court finds probable cause of abuse. Terrence Rivera present with appointed counsel. Treatment plan ordered: psychological evaluation, domestic violence intervention program, anger management classes.', 'Court Filing, Order 1, p. 7', 'Terrence Rivera, Donna Sullivan, Judge Sandra Templeton');
INSERT INTO timeline_events (case_id, event_date, event_time, event_type, description, source_document, parties_involved) VALUES ('2024-DR-26-0373', '2024-10-14', NULL, 'Court', 'Review hearing. Terrence Rivera has partially completed on court-ordered treatment plan. Court warns of potential TPR.', 'Court Filing, Order 2, p. 25', 'Terrence Rivera, Donna Sullivan, Judge Sandra Templeton');
INSERT INTO timeline_events (case_id, event_date, event_time, event_type, description, source_document, parties_involved) VALUES ('2024-DR-26-0373', '2024-10-21', '5:15 PM', 'Placement', 'Faith Rivera (age 14) transferred to kinship placement.', 'Placement Agreement, p. 24', 'Faith Rivera (age 14), Donna Sullivan');
INSERT INTO statements (case_id, person_id, statement_date, made_to, statement_text, source_document, page_reference) VALUES ('2024-DR-26-0373', 165, '2024-08-21', 'Court', 'I love my kids. I would never hurt them. Things have been hard.', 'Dictation PDF', 'p. 17');
INSERT INTO statements (case_id, person_id, statement_date, made_to, statement_text, source_document, page_reference) VALUES ('2024-DR-26-0373', 165, '2024-09-05', 'Medical Staff', 'I am working on myself. I just need more time', 'Sheriff Report', 'p. 22');
INSERT INTO statements (case_id, person_id, statement_date, made_to, statement_text, source_document, page_reference) VALUES ('2024-DR-26-0373', 165, '2024-09-15', 'Law Enforcement', 'I was not there when that happened. I can explain.', 'Court Transcript', 'p. 17');
INSERT INTO statements (case_id, person_id, statement_date, made_to, statement_text, source_document, page_reference) VALUES ('2024-DR-26-0373', 167, '2024-09-25', 'Case Manager', 'During my office interview, Terrence Rivera appeared to be under the influence. Progress has been made but is insufficient.', 'Dictation PDF', 'p. 4');
INSERT INTO statements (case_id, person_id, statement_date, made_to, statement_text, source_document, page_reference) VALUES ('2024-DR-26-0373', 168, '2024-10-14', 'Court', 'In my assessment, it is in the best interest of the children to remain in care. I recommend TPR and adoption planning.', 'GAL Report', 'p. 17');
INSERT INTO discrepancies (case_id, topic, person_a_id, person_a_account, person_b_id, person_b_account, contradicted_by, source_document) VALUES ('2024-DR-26-0373', 'Cause of injuries / incident', 165, 'States the incident did not happen. Claims no knowledge of how injuries occurred.', 167, 'Physical evidence contradicts this account. Timeline does not support claim.', 'Physical evidence contradicts this account.', 'Drug Screen Report, Treatment Progress Report');
INSERT INTO discrepancies (case_id, topic, person_a_id, person_a_account, person_b_id, person_b_account, contradicted_by, source_document) VALUES ('2024-DR-26-0373', 'Compliance with treatment plan', 165, 'States full compliance with court-ordered services. Claims scheduling conflicts for any gaps.', 164, 'DSS records show dropped out of program. Providers confirm non-attendance.', 'Provider records and DSS documentation contradict parent claims of compliance.', 'Sheriff Report, Psychological Evaluation');
INSERT INTO discrepancies (case_id, topic, person_a_id, person_a_account, person_b_id, person_b_account, contradicted_by, source_document) VALUES ('2024-DR-26-0373', 'Home conditions', 165, 'States the home is adequate for the children. Denies any safety hazards.', 167, 'Donna Sullivan documents safety hazards during home visit. Conditions verified by law enforcement.', 'Home visit report and photographs contradict parent account.', 'School Report, Drug Screen Report');

-- Case 31: 2024-DR-09-0365
INSERT INTO cases (case_id, case_title, case_type, circuit, county, filed_date, status, plaintiff, summary) VALUES ('2024-DR-09-0365', 'DSS v. Harris — Voluntary Placement', 'Voluntary Placement', 'Ninth Judicial Circuit', 'Charleston', '2023-10-13', 'Closed', 'SC Department of Social Services', 'Voluntary Placement case involving Micah Harris (age 8). Vanessa Nelson completed court-ordered treatment plan including domestic violence intervention program and individual counseling. Children successfully reunified with Vanessa Nelson under ongoing DSS monitoring. Case closed.');
INSERT INTO people (case_id, full_name, role, relationship, dob, notes) VALUES ('2024-DR-09-0365', 'Vanessa Nelson', 'Parent', 'Mother of Micah Harris (age 8)', '1996-03-16', NULL);
INSERT INTO people (case_id, full_name, role, relationship, dob, notes) VALUES ('2024-DR-09-0365', 'Gerald Harris', 'Parent', 'Father of Micah Harris (age 8)', '1998-10-12', NULL);
INSERT INTO people (case_id, full_name, role, relationship, dob, notes) VALUES ('2024-DR-09-0365', 'Micah Harris', 'Child', 'Minor child, age 8', '2015-08-02', NULL);
INSERT INTO people (case_id, full_name, role, relationship, dob, notes) VALUES ('2024-DR-09-0365', 'Cheryl Washington', 'Case Manager', 'DSS Case Manager', NULL, NULL);
INSERT INTO people (case_id, full_name, role, relationship, dob, notes) VALUES ('2024-DR-09-0365', 'Steven Marsh', 'Guardian ad Litem', 'Court-appointed GAL', NULL, NULL);
INSERT INTO timeline_events (case_id, event_date, event_time, event_type, description, source_document, parties_involved) VALUES ('2024-DR-09-0365', '2023-09-18', '7:30 PM', 'DSS Action', 'DSS receives referral regarding Micah Harris. Hospital reports concerns about child welfare.', 'DSS Intake Report, p. 12', 'Micah Harris, Cheryl Washington');
INSERT INTO timeline_events (case_id, event_date, event_time, event_type, description, source_document, parties_involved) VALUES ('2024-DR-09-0365', '2023-10-02', '9:15 PM', 'DSS Action', 'Cheryl Washington conducts scheduled home visit. Finds children left unsupervised for extended period. Vanessa Nelson not present at the home.', 'Home Visit Report, p. 16', 'Cheryl Washington, Vanessa Nelson');
INSERT INTO timeline_events (case_id, event_date, event_time, event_type, description, source_document, parties_involved) VALUES ('2024-DR-09-0365', '2023-10-13', '1:00 PM', 'DSS Action', 'DSS obtains emergency removal order. Micah Harris (age 8) placed in emergency foster care. Vanessa Nelson informed of removal and rights.', 'Court Filing, Emergency Order, p. 21', 'Cheryl Washington, Vanessa Nelson, Micah Harris (age 8)');
INSERT INTO timeline_events (case_id, event_date, event_time, event_type, description, source_document, parties_involved) VALUES ('2024-DR-09-0365', '2023-10-30', NULL, 'Court', 'Probable cause hearing before Judge Carolyn Bridges. Court finds probable cause of abuse. Vanessa Nelson present with appointed counsel. Treatment plan ordered: domestic violence intervention program, individual counseling, gainful employment, random drug screening.', 'Court Filing, Order 1, p. 15', 'Vanessa Nelson, Cheryl Washington, Judge Carolyn Bridges');
INSERT INTO timeline_events (case_id, event_date, event_time, event_type, description, source_document, parties_involved) VALUES ('2024-DR-09-0365', '2023-11-02', NULL, 'Court', 'Review hearing. Vanessa Nelson has partially completed on court-ordered treatment plan. Court warns of potential TPR.', 'Court Filing, Order 2, p. 7', 'Vanessa Nelson, Cheryl Washington, Judge Carolyn Bridges');
INSERT INTO timeline_events (case_id, event_date, event_time, event_type, description, source_document, parties_involved) VALUES ('2024-DR-09-0365', '2023-11-21', '7:45 PM', 'Placement', 'Micah Harris (age 8) moved to pre-adoptive placement.', 'Placement Agreement, p. 9', 'Micah Harris (age 8), Cheryl Washington');
INSERT INTO timeline_events (case_id, event_date, event_time, event_type, description, source_document, parties_involved) VALUES ('2024-DR-09-0365', '2023-12-14', '8:15 PM', 'Medical', 'Forensic interview of Vanessa Nelson completed. No acute findings at this time.', 'Medical Records, p. 9', 'Micah Harris');
INSERT INTO statements (case_id, person_id, statement_date, made_to, statement_text, source_document, page_reference) VALUES ('2024-DR-09-0365', 169, '2023-09-18', 'Court', 'I love my babies. I would never hurt them. I know I made mistakes.', 'Dictation PDF', 'p. 25');
INSERT INTO statements (case_id, person_id, statement_date, made_to, statement_text, source_document, page_reference) VALUES ('2024-DR-09-0365', 169, '2023-10-02', 'Law Enforcement', 'I am getting my life together. I am willing to do whatever it takes', 'Sheriff Report', 'p. 18');
INSERT INTO statements (case_id, person_id, statement_date, made_to, statement_text, source_document, page_reference) VALUES ('2024-DR-09-0365', 169, '2023-10-13', 'Law Enforcement', 'The report is not accurate. The kids were never in danger.', 'Dictation PDF', 'p. 8');
INSERT INTO statements (case_id, person_id, statement_date, made_to, statement_text, source_document, page_reference) VALUES ('2024-DR-09-0365', 172, '2023-10-30', 'Case Manager', 'During my initial assessment, Vanessa Nelson was cooperative but appeared anxious. Progress has been made but is insufficient.', 'Dictation PDF', 'p. 24');
INSERT INTO statements (case_id, person_id, statement_date, made_to, statement_text, source_document, page_reference) VALUES ('2024-DR-09-0365', 172, '2023-11-02', 'Case Manager', 'Vanessa Nelson has missed 1 of 8 required counseling appointments. Additional supports have been offered.', 'Court Transcript', 'p. 11');
INSERT INTO statements (case_id, person_id, statement_date, made_to, statement_text, source_document, page_reference) VALUES ('2024-DR-09-0365', 172, '2023-11-21', 'Case Manager', 'I spoke with the foster family on 2025-03-07. The placement is stable and appropriate.', 'Dictation PDF', 'p. 12');
INSERT INTO statements (case_id, person_id, statement_date, made_to, statement_text, source_document, page_reference) VALUES ('2024-DR-09-0365', 172, '2023-12-14', 'Court', 'During my initial assessment, Vanessa Nelson was cooperative but appeared anxious. Progress has been made but is insufficient.', 'Court Transcript', 'p. 2');
INSERT INTO statements (case_id, person_id, statement_date, made_to, statement_text, source_document, page_reference) VALUES ('2024-DR-09-0365', 173, '2023-12-14', 'Court', 'In my assessment, further time is needed to evaluate reunification potential. I recommend reunification with safety plan.', 'GAL Report', 'p. 5');
INSERT INTO discrepancies (case_id, topic, person_a_id, person_a_account, person_b_id, person_b_account, contradicted_by, source_document) VALUES ('2024-DR-09-0365', 'Parenting capacity', 169, 'States provides adequate supervision. Claims children were happy and healthy.', 170, 'GAL observations show children expressed fear of returning home.', 'GAL report contradict parent account.', 'Court Transcript, Medical Records');
INSERT INTO discrepancies (case_id, topic, person_a_id, person_a_account, person_b_id, person_b_account, contradicted_by, source_document) VALUES ('2024-DR-09-0365', 'Compliance with treatment plan', 169, 'States consistent attendance with court-ordered services. Claims scheduling conflicts for any gaps.', 172, 'DSS records show minimal attendance. Providers confirm non-attendance.', 'Provider records and DSS documentation contradict parent claims of compliance.', 'Psychological Evaluation, Home Visit Report');
INSERT INTO discrepancies (case_id, topic, person_a_id, person_a_account, person_b_id, person_b_account, contradicted_by, source_document) VALUES ('2024-DR-09-0365', 'Substance use', 169, 'Denies current drug use. States use was in the past.', 172, 'Law enforcement report show track marks observed.', 'Lab results and law enforcement report contradict self-report.', 'Treatment Progress Report, Court Transcript');
INSERT INTO discrepancies (case_id, topic, person_a_id, person_a_account, person_b_id, person_b_account, contradicted_by, source_document) VALUES ('2024-DR-09-0365', 'Home conditions', 169, 'States the home is adequate for the children. Denies any safety hazards.', 170, 'Cheryl Washington documents unsanitary conditions during home visit. Multiple visits confirmed issues.', 'Home visit report and photographs contradict parent account.', 'Court Filing, GAL Report');

-- Case 32: 2023-DR-19-0360
INSERT INTO cases (case_id, case_title, case_type, circuit, county, filed_date, status, plaintiff, summary) VALUES ('2023-DR-19-0360', 'DSS v. Rogers — Child Neglect', 'Child Neglect', 'Tenth Judicial Circuit', 'Anderson', '2024-07-03', 'Closed', 'SC Department of Social Services', 'Child Neglect case involving Nia Rogers (age 14) and Jaylen Rogers (age 6). Andre Rogers completed court-ordered treatment plan including substance abuse evaluation and treatment and random drug screening. Children successfully reunified with Andre Rogers under ongoing DSS monitoring. Case closed.');
INSERT INTO people (case_id, full_name, role, relationship, dob, notes) VALUES ('2023-DR-19-0360', 'Latoya Perez', 'Parent', 'Mother of Nia Rogers (age 14) and Jaylen Rogers (age 6)', '1992-08-17', NULL);
INSERT INTO people (case_id, full_name, role, relationship, dob, notes) VALUES ('2023-DR-19-0360', 'Andre Rogers', 'Parent', 'Father of Nia Rogers (age 14) and Jaylen Rogers (age 6)', '1983-09-27', NULL);
INSERT INTO people (case_id, full_name, role, relationship, dob, notes) VALUES ('2023-DR-19-0360', 'Nia Rogers', 'Child', 'Minor child, age 14', '2010-06-28', NULL);
INSERT INTO people (case_id, full_name, role, relationship, dob, notes) VALUES ('2023-DR-19-0360', 'Jaylen Rogers', 'Child', 'Minor child, age 6', '2017-09-19', NULL);
INSERT INTO people (case_id, full_name, role, relationship, dob, notes) VALUES ('2023-DR-19-0360', 'Cheryl Washington', 'Case Manager', 'DSS Case Manager', NULL, NULL);
INSERT INTO people (case_id, full_name, role, relationship, dob, notes) VALUES ('2023-DR-19-0360', 'Natalie Voss', 'Guardian ad Litem', 'Court-appointed GAL', NULL, NULL);
INSERT INTO timeline_events (case_id, event_date, event_time, event_type, description, source_document, parties_involved) VALUES ('2023-DR-19-0360', '2024-05-25', '3:15 AM', 'DSS Action', 'DSS receives referral regarding Nia Rogers. School reports concerns about home conditions.', 'DSS Intake Report, p. 17', 'Nia Rogers, Cheryl Washington');
INSERT INTO timeline_events (case_id, event_date, event_time, event_type, description, source_document, parties_involved) VALUES ('2023-DR-19-0360', '2024-06-18', '8:30 AM', 'DSS Action', 'Cheryl Washington conducts unannounced home visit. Finds parent found to be incapacitated due to substance use while children were present. Andre Rogers uncooperative and hostile.', 'Home Visit Report, p. 14', 'Cheryl Washington, Andre Rogers');
INSERT INTO timeline_events (case_id, event_date, event_time, event_type, description, source_document, parties_involved) VALUES ('2023-DR-19-0360', '2024-07-03', '8:00 AM', 'DSS Action', 'DSS obtains emergency removal order. Nia Rogers (age 14) and Jaylen Rogers (age 6) placed in emergency foster care. Andre Rogers informed of removal and rights.', 'Court Filing, Emergency Order, p. 26', 'Cheryl Washington, Andre Rogers, Nia Rogers (age 14) and Jaylen Rogers (age 6)');
INSERT INTO timeline_events (case_id, event_date, event_time, event_type, description, source_document, parties_involved) VALUES ('2023-DR-19-0360', '2024-07-16', '7:45 PM', 'Court', 'Probable cause hearing before Judge Carolyn Bridges. Court finds probable cause of neglect. Andre Rogers present with appointed counsel. Treatment plan ordered: substance abuse evaluation and treatment, random drug screening, domestic violence intervention program.', 'Court Filing, Order 1, p. 12', 'Andre Rogers, Cheryl Washington, Judge Carolyn Bridges');
INSERT INTO timeline_events (case_id, event_date, event_time, event_type, description, source_document, parties_involved) VALUES ('2023-DR-19-0360', '2024-08-12', '12:45 AM', 'Court', 'Review hearing. Andre Rogers has partially completed on court-ordered treatment plan. Court schedules merits hearing.', 'Court Filing, Order 2, p. 8', 'Andre Rogers, Cheryl Washington, Judge Carolyn Bridges');
INSERT INTO timeline_events (case_id, event_date, event_time, event_type, description, source_document, parties_involved) VALUES ('2023-DR-19-0360', '2024-08-18', '1:00 AM', 'Placement', 'Nia Rogers (age 14) and Jaylen Rogers (age 6) placed in therapeutic foster care.', 'Placement Agreement, p. 29', 'Nia Rogers (age 14) and Jaylen Rogers (age 6), Cheryl Washington');
INSERT INTO timeline_events (case_id, event_date, event_time, event_type, description, source_document, parties_involved) VALUES ('2023-DR-19-0360', '2024-09-07', NULL, 'Medical', 'Medical examination of Andre Rogers completed. Findings consistent with reported concerns.', 'Substance Abuse Evaluation Report, p. 27', 'Andre Rogers');
INSERT INTO timeline_events (case_id, event_date, event_time, event_type, description, source_document, parties_involved) VALUES ('2023-DR-19-0360', '2024-09-21', NULL, 'Law Enforcement', 'Detective interviews witnesses. Referred to family court.', 'Sheriff Report, p. 29', 'Andre Rogers, Latoya Perez');
INSERT INTO statements (case_id, person_id, statement_date, made_to, statement_text, source_document, page_reference) VALUES ('2023-DR-19-0360', 175, '2024-05-25', 'Medical Staff', 'I love my babies. I would never hurt them. I know I made mistakes.', 'Dictation PDF', 'p. 23');
INSERT INTO statements (case_id, person_id, statement_date, made_to, statement_text, source_document, page_reference) VALUES ('2023-DR-19-0360', 175, '2024-06-18', 'Medical Staff', 'I am getting my life together. I want my kids back', 'Dictation PDF', 'p. 20');
INSERT INTO statements (case_id, person_id, statement_date, made_to, statement_text, source_document, page_reference) VALUES ('2023-DR-19-0360', 175, '2024-07-03', 'Court', 'I was not there when that happened. Someone else was responsible.', 'Sheriff Report', 'p. 19');
INSERT INTO statements (case_id, person_id, statement_date, made_to, statement_text, source_document, page_reference) VALUES ('2023-DR-19-0360', 178, '2024-07-16', 'Case Manager', 'During my home visit, Andre Rogers appeared to be under the influence. I have concerns about the children returning.', 'Dictation PDF', 'p. 18');
INSERT INTO statements (case_id, person_id, statement_date, made_to, statement_text, source_document, page_reference) VALUES ('2023-DR-19-0360', 178, '2024-08-12', 'Court', 'Andre Rogers has partially completed 1 of 8 required counseling appointments. We recommend continued out-of-home placement.', 'Dictation PDF', 'p. 15');
INSERT INTO statements (case_id, person_id, statement_date, made_to, statement_text, source_document, page_reference) VALUES ('2023-DR-19-0360', 178, '2024-08-18', 'Court', 'I spoke with the foster family on 2025-01-27. The children expressed desire to return home.', 'Court Transcript', 'p. 16');
INSERT INTO statements (case_id, person_id, statement_date, made_to, statement_text, source_document, page_reference) VALUES ('2023-DR-19-0360', 179, '2024-09-07', 'Court', 'In my assessment, the parent has not demonstrated ability to provide safe care. I recommend a permanency hearing be scheduled.', 'GAL Report', 'p. 8');
INSERT INTO discrepancies (case_id, topic, person_a_id, person_a_account, person_b_id, person_b_account, contradicted_by, source_document) VALUES ('2023-DR-19-0360', 'Parenting capacity', 175, 'States is a capable parent. States neighbors/family can vouch for care.', 178, 'School records show chronic absenteeism.', 'Medical history contradict parent account.', 'GAL Report, Drug Screen Report');
INSERT INTO discrepancies (case_id, topic, person_a_id, person_a_account, person_b_id, person_b_account, contradicted_by, source_document) VALUES ('2023-DR-19-0360', 'Compliance with treatment plan', 175, 'States consistent attendance with court-ordered services. Claims transportation issues for any gaps.', 174, 'DSS records show repeated no-shows. Bus passes were provided but unused.', 'Provider records and DSS documentation contradict parent claims of compliance.', 'Treatment Progress Report, Court Filing');
INSERT INTO discrepancies (case_id, topic, person_a_id, person_a_account, person_b_id, person_b_account, contradicted_by, source_document) VALUES ('2023-DR-19-0360', 'Substance use', 175, 'Denies current substance use. Claims only occasional recreational use.', 178, 'Drug screen results show drug paraphernalia in home.', 'Lab results and case manager notes contradict self-report.', 'Psychological Evaluation, Court Filing');
INSERT INTO discrepancies (case_id, topic, person_a_id, person_a_account, person_b_id, person_b_account, contradicted_by, source_document) VALUES ('2023-DR-19-0360', 'Home conditions', 175, 'States the home is temporarily messy due to moving. Denies any safety hazards.', 174, 'Cheryl Washington documents lack of food during home visit. Conditions verified by law enforcement.', 'Home visit report and photographs contradict parent account.', 'Home Visit Report, Treatment Progress Report');

-- Case 33: 2024-DR-24-0413
INSERT INTO cases (case_id, case_title, case_type, circuit, county, filed_date, status, plaintiff, summary) VALUES ('2024-DR-24-0413', 'DSS v. Moore — Voluntary Placement', 'Voluntary Placement', 'Sixteenth Judicial Circuit', 'Union', '2023-10-22', 'Active', 'SC Department of Social Services', 'Voluntary Placement case involving Serenity Moore (age 5). Children removed after sibling disclosed physical abuse to school counselor. William Moore ordered to complete treatment plan including domestic violence intervention program, random drug screening, gainful employment. Case is ongoing with next hearing scheduled.');
INSERT INTO people (case_id, full_name, role, relationship, dob, notes) VALUES ('2024-DR-24-0413', 'Diane Moore', 'Parent', 'Mother of Serenity Moore (age 5)', '1984-08-08', NULL);
INSERT INTO people (case_id, full_name, role, relationship, dob, notes) VALUES ('2024-DR-24-0413', 'William Moore', 'Parent', 'Father of Serenity Moore (age 5)', '1991-08-29', NULL);
INSERT INTO people (case_id, full_name, role, relationship, dob, notes) VALUES ('2024-DR-24-0413', 'Serenity Moore', 'Child', 'Minor child, age 5', '2019-03-20', NULL);
INSERT INTO people (case_id, full_name, role, relationship, dob, notes) VALUES ('2024-DR-24-0413', 'David Ortiz', 'Case Manager', 'DSS Case Manager', NULL, NULL);
INSERT INTO people (case_id, full_name, role, relationship, dob, notes) VALUES ('2024-DR-24-0413', 'Philip Crane', 'Guardian ad Litem', 'Court-appointed GAL', NULL, NULL);
INSERT INTO timeline_events (case_id, event_date, event_time, event_type, description, source_document, parties_involved) VALUES ('2024-DR-24-0413', '2023-09-10', '7:30 AM', 'DSS Action', 'DSS receives referral regarding Serenity Moore. School reports concerns about child welfare.', 'DSS Intake Report, p. 26', 'Serenity Moore, David Ortiz');
INSERT INTO timeline_events (case_id, event_date, event_time, event_type, description, source_document, parties_involved) VALUES ('2024-DR-24-0413', '2023-10-09', '9:30 PM', 'DSS Action', 'David Ortiz conducts unannounced home visit. Finds sibling disclosed physical abuse to school counselor. William Moore not present at the home.', 'Home Visit Report, p. 15', 'David Ortiz, William Moore');
INSERT INTO timeline_events (case_id, event_date, event_time, event_type, description, source_document, parties_involved) VALUES ('2024-DR-24-0413', '2023-10-22', '3:30 AM', 'DSS Action', 'DSS obtains emergency removal order. Serenity Moore (age 5) placed in emergency foster care. William Moore informed of removal and rights.', 'Court Filing, Emergency Order, p. 21', 'David Ortiz, William Moore, Serenity Moore (age 5)');
INSERT INTO timeline_events (case_id, event_date, event_time, event_type, description, source_document, parties_involved) VALUES ('2024-DR-24-0413', '2023-11-01', '1:45 PM', 'Court', 'Probable cause hearing before Judge Robert Faircloth. Court finds probable cause of abuse. William Moore present with appointed counsel. Treatment plan ordered: domestic violence intervention program, random drug screening, gainful employment.', 'Court Filing, Order 1, p. 10', 'William Moore, David Ortiz, Judge Robert Faircloth');
INSERT INTO timeline_events (case_id, event_date, event_time, event_type, description, source_document, parties_involved) VALUES ('2024-DR-24-0413', '2023-11-10', NULL, 'Court', 'Review hearing. William Moore has not complied with on court-ordered treatment plan. Court warns of potential TPR.', 'Court Filing, Order 2, p. 2', 'William Moore, David Ortiz, Judge Robert Faircloth');
INSERT INTO statements (case_id, person_id, statement_date, made_to, statement_text, source_document, page_reference) VALUES ('2024-DR-24-0413', 181, '2023-09-10', 'Medical Staff', 'I love my children. I would never hurt them. I am doing my best.', 'Sheriff Report', 'p. 11');
INSERT INTO statements (case_id, person_id, statement_date, made_to, statement_text, source_document, page_reference) VALUES ('2024-DR-24-0413', 181, '2023-10-09', 'Court', 'I am clean now. I want my kids back', 'Court Transcript', 'p. 17');
INSERT INTO statements (case_id, person_id, statement_date, made_to, statement_text, source_document, page_reference) VALUES ('2024-DR-24-0413', 181, '2023-10-22', 'Law Enforcement', 'That is not what happened. The kids were never in danger.', 'Court Transcript', 'p. 19');
INSERT INTO statements (case_id, person_id, statement_date, made_to, statement_text, source_document, page_reference) VALUES ('2024-DR-24-0413', 183, '2023-11-01', 'Court', 'During my initial assessment, William Moore was hostile and refused to answer questions. Progress has been made but is insufficient.', 'Dictation PDF', 'p. 13');
INSERT INTO statements (case_id, person_id, statement_date, made_to, statement_text, source_document, page_reference) VALUES ('2024-DR-24-0413', 184, '2023-11-10', 'Court', 'In my assessment, the parent has not demonstrated ability to provide safe care. I recommend continued out-of-home placement.', 'GAL Report', 'p. 24');
INSERT INTO discrepancies (case_id, topic, person_a_id, person_a_account, person_b_id, person_b_account, contradicted_by, source_document) VALUES ('2024-DR-24-0413', 'Compliance with treatment plan', 181, 'States full compliance with court-ordered services. Claims transportation issues for any gaps.', 180, 'DSS records show repeated no-shows. Providers confirm non-attendance.', 'Provider records and DSS documentation contradict parent claims of compliance.', 'Medical Records, Drug Screen Report');
INSERT INTO discrepancies (case_id, topic, person_a_id, person_a_account, person_b_id, person_b_account, contradicted_by, source_document) VALUES ('2024-DR-24-0413', 'Substance use', 181, 'Denies current substance use. States use was in the past.', 180, 'DSS observations show positive drug screen.', 'Lab results and case manager notes contradict self-report.', 'DSS Intake Report, GAL Report');
INSERT INTO discrepancies (case_id, topic, person_a_id, person_a_account, person_b_id, person_b_account, contradicted_by, source_document) VALUES ('2024-DR-24-0413', 'Parenting capacity', 181, 'States children were never in danger. Claims children were happy and healthy.', 183, 'Foster care reports show behavioral issues emerging.', 'Child statements contradict parent account.', 'Home Visit Report, Medical Records');
INSERT INTO discrepancies (case_id, topic, person_a_id, person_a_account, person_b_id, person_b_account, contradicted_by, source_document) VALUES ('2024-DR-24-0413', 'Home conditions', 181, 'States the home is clean and safe. Denies any safety hazards.', 183, 'David Ortiz documents exposed wiring during home visit. Multiple visits confirmed issues.', 'Home visit report and photographs contradict parent account.', 'Sheriff Report, Drug Screen Report');

-- Case 34: 2023-DR-24-0355
INSERT INTO cases (case_id, case_title, case_type, circuit, county, filed_date, status, plaintiff, summary) VALUES ('2023-DR-24-0355', 'DSS v. Baker — Child Neglect', 'Child Neglect', 'Seventh Judicial Circuit', 'Spartanburg', '2025-06-03', 'Active', 'SC Department of Social Services', 'Child Neglect case involving Malik Baker (age 2). Children removed after parent failed to seek medical attention for child injuries. Gloria Baker ordered to complete treatment plan including domestic violence intervention program, random drug screening, stable housing, individual counseling. Case is ongoing with next hearing scheduled.');
INSERT INTO people (case_id, full_name, role, relationship, dob, notes) VALUES ('2023-DR-24-0355', 'Gloria Baker', 'Parent', 'Mother of Malik Baker (age 2)', '1987-05-01', NULL);
INSERT INTO people (case_id, full_name, role, relationship, dob, notes) VALUES ('2023-DR-24-0355', 'Gerald Baker', 'Parent', 'Father of Malik Baker (age 2)', '1998-04-23', NULL);
INSERT INTO people (case_id, full_name, role, relationship, dob, notes) VALUES ('2023-DR-24-0355', 'Malik Baker', 'Child', 'Minor child, age 2', '2022-05-12', NULL);
INSERT INTO people (case_id, full_name, role, relationship, dob, notes) VALUES ('2023-DR-24-0355', 'Brian Colbert', 'Case Manager', 'DSS Case Manager', NULL, NULL);
INSERT INTO people (case_id, full_name, role, relationship, dob, notes) VALUES ('2023-DR-24-0355', 'Natalie Voss', 'Guardian ad Litem', 'Court-appointed GAL', NULL, NULL);
INSERT INTO timeline_events (case_id, event_date, event_time, event_type, description, source_document, parties_involved) VALUES ('2023-DR-24-0355', '2025-04-23', NULL, 'DSS Action', 'DSS receives referral regarding Malik Baker. Anonymous tipline reports concerns about home conditions.', 'DSS Intake Report, p. 14', 'Malik Baker, Brian Colbert');
INSERT INTO timeline_events (case_id, event_date, event_time, event_type, description, source_document, parties_involved) VALUES ('2023-DR-24-0355', '2025-05-21', '2:00 PM', 'DSS Action', 'Brian Colbert conducts unannounced home visit. Finds parent failed to seek medical attention for child injuries. Gloria Baker not present at the home.', 'Home Visit Report, p. 16', 'Brian Colbert, Gloria Baker');
INSERT INTO timeline_events (case_id, event_date, event_time, event_type, description, source_document, parties_involved) VALUES ('2023-DR-24-0355', '2025-06-03', '11:00 AM', 'DSS Action', 'DSS obtains emergency removal order. Malik Baker (age 2) placed in emergency foster care. Gloria Baker informed of removal and rights.', 'Court Filing, Emergency Order, p. 10', 'Brian Colbert, Gloria Baker, Malik Baker (age 2)');
INSERT INTO timeline_events (case_id, event_date, event_time, event_type, description, source_document, parties_involved) VALUES ('2023-DR-24-0355', '2025-06-13', NULL, 'Court', 'Probable cause hearing before Judge Margaret Easley. Court finds probable cause of neglect. Gloria Baker present with retained counsel. Treatment plan ordered: domestic violence intervention program, random drug screening, stable housing, individual counseling.', 'Court Filing, Order 1, p. 21', 'Gloria Baker, Brian Colbert, Judge Margaret Easley');
INSERT INTO timeline_events (case_id, event_date, event_time, event_type, description, source_document, parties_involved) VALUES ('2023-DR-24-0355', '2025-06-27', '2:30 AM', 'Court', 'Review hearing. Gloria Baker has shown some improvement on court-ordered treatment plan. Court schedules merits hearing.', 'Court Filing, Order 2, p. 24', 'Gloria Baker, Brian Colbert, Judge Margaret Easley');
INSERT INTO statements (case_id, person_id, statement_date, made_to, statement_text, source_document, page_reference) VALUES ('2023-DR-24-0355', 185, '2025-04-23', 'Medical Staff', 'I love my kids. I would never hurt them. I know I made mistakes.', 'Dictation PDF', 'p. 13');
INSERT INTO statements (case_id, person_id, statement_date, made_to, statement_text, source_document, page_reference) VALUES ('2023-DR-24-0355', 185, '2025-05-21', 'Case Manager', 'I am getting my life together. I am willing to do whatever it takes', 'Court Transcript', 'p. 16');
INSERT INTO statements (case_id, person_id, statement_date, made_to, statement_text, source_document, page_reference) VALUES ('2023-DR-24-0355', 185, '2025-06-03', 'Court', 'They are exaggerating. The kids were never in danger.', 'Dictation PDF', 'p. 3');
INSERT INTO statements (case_id, person_id, statement_date, made_to, statement_text, source_document, page_reference) VALUES ('2023-DR-24-0355', 188, '2025-06-13', 'Case Manager', 'During my home visit, Gloria Baker was cooperative but appeared anxious. The home was not safe for children.', 'Dictation PDF', 'p. 23');
INSERT INTO statements (case_id, person_id, statement_date, made_to, statement_text, source_document, page_reference) VALUES ('2023-DR-24-0355', 188, '2025-06-27', 'Case Manager', 'Gloria Baker has attended 3 of 12 required drug screens. Additional supports have been offered.', 'Home Visit Report', 'p. 14');
INSERT INTO statements (case_id, person_id, statement_date, made_to, statement_text, source_document, page_reference) VALUES ('2023-DR-24-0355', 189, '2025-06-27', 'Court', 'In my assessment, further time is needed to evaluate reunification potential. I recommend TPR and adoption planning.', 'GAL Report', 'p. 13');
INSERT INTO discrepancies (case_id, topic, person_a_id, person_a_account, person_b_id, person_b_account, contradicted_by, source_document) VALUES ('2023-DR-24-0355', 'Compliance with treatment plan', 185, 'States active participation with court-ordered services. Claims scheduling conflicts for any gaps.', 186, 'DSS records show incomplete requirements. Providers confirm non-attendance.', 'Provider records and DSS documentation contradict parent claims of compliance.', 'Court Filing, Court Transcript');
INSERT INTO discrepancies (case_id, topic, person_a_id, person_a_account, person_b_id, person_b_account, contradicted_by, source_document) VALUES ('2023-DR-24-0355', 'Substance use', 185, 'Denies current alcohol abuse. States use was in the past.', 188, 'DSS observations show positive drug screen.', 'Lab results and law enforcement report contradict self-report.', 'Placement Agreement, GAL Report');
INSERT INTO discrepancies (case_id, topic, person_a_id, person_a_account, person_b_id, person_b_account, contradicted_by, source_document) VALUES ('2023-DR-24-0355', 'Parenting capacity', 185, 'States provides adequate supervision. Blames circumstances, not parenting.', 186, 'Medical records show untreated medical needs.', 'Medical history contradict parent account.', 'Drug Screen Report, Treatment Progress Report');

-- Case 35: 2024-DR-40-0436
INSERT INTO cases (case_id, case_title, case_type, circuit, county, filed_date, status, plaintiff, summary) VALUES ('2024-DR-40-0436', 'DSS v. Baker — Family Preservation', 'Family Preservation', 'Seventh Judicial Circuit', 'Cherokee', '2023-08-29', 'Closed', 'SC Department of Social Services', 'Family Preservation case involving Malik Baker (age 5). Donovan Baker completed court-ordered treatment plan including psychological evaluation and stable housing. Children successfully reunified with Donovan Baker under ongoing DSS monitoring. Case closed.');
INSERT INTO people (case_id, full_name, role, relationship, dob, notes) VALUES ('2024-DR-40-0436', 'Sabrina Reed', 'Parent', 'Mother of Malik Baker (age 5)', '1998-06-16', NULL);
INSERT INTO people (case_id, full_name, role, relationship, dob, notes) VALUES ('2024-DR-40-0436', 'Donovan Baker', 'Parent', 'Father of Malik Baker (age 5)', '1991-12-20', NULL);
INSERT INTO people (case_id, full_name, role, relationship, dob, notes) VALUES ('2024-DR-40-0436', 'Malik Baker', 'Child', 'Minor child, age 5', '2018-10-23', NULL);
INSERT INTO people (case_id, full_name, role, relationship, dob, notes) VALUES ('2024-DR-40-0436', 'Andrea Foster', 'Case Manager', 'DSS Case Manager', NULL, NULL);
INSERT INTO people (case_id, full_name, role, relationship, dob, notes) VALUES ('2024-DR-40-0436', 'Caroline Fisher', 'Guardian ad Litem', 'Court-appointed GAL', NULL, NULL);
INSERT INTO timeline_events (case_id, event_date, event_time, event_type, description, source_document, parties_involved) VALUES ('2024-DR-40-0436', '2023-07-27', '1:45 PM', 'DSS Action', 'DSS receives referral regarding Malik Baker. School reports concerns about suspected neglect.', 'DSS Intake Report, p. 5', 'Malik Baker, Andrea Foster');
INSERT INTO timeline_events (case_id, event_date, event_time, event_type, description, source_document, parties_involved) VALUES ('2024-DR-40-0436', '2023-08-19', '9:15 PM', 'DSS Action', 'Andrea Foster conducts scheduled home visit. Finds children found wandering outside at night without supervision. Donovan Baker not present at the home.', 'Home Visit Report, p. 21', 'Andrea Foster, Donovan Baker');
INSERT INTO timeline_events (case_id, event_date, event_time, event_type, description, source_document, parties_involved) VALUES ('2024-DR-40-0436', '2023-08-29', '7:30 PM', 'DSS Action', 'DSS obtains emergency removal order. Malik Baker (age 5) placed in kinship care with relative. Donovan Baker informed of removal and rights.', 'Court Filing, Emergency Order, p. 7', 'Andrea Foster, Donovan Baker, Malik Baker (age 5)');
INSERT INTO timeline_events (case_id, event_date, event_time, event_type, description, source_document, parties_involved) VALUES ('2024-DR-40-0436', '2023-09-13', '10:15 AM', 'Court', 'Probable cause hearing before Judge Margaret Easley. Court finds probable cause of abuse. Donovan Baker present with retained counsel. Treatment plan ordered: psychological evaluation, stable housing, family therapy sessions, anger management classes, random drug screening.', 'Court Filing, Order 1, p. 22', 'Donovan Baker, Andrea Foster, Judge Margaret Easley');
INSERT INTO timeline_events (case_id, event_date, event_time, event_type, description, source_document, parties_involved) VALUES ('2024-DR-40-0436', '2023-09-20', '1:15 PM', 'Court', 'Review hearing. Donovan Baker has shown some improvement on court-ordered treatment plan. Court schedules merits hearing.', 'Court Filing, Order 2, p. 30', 'Donovan Baker, Andrea Foster, Judge Margaret Easley');
INSERT INTO timeline_events (case_id, event_date, event_time, event_type, description, source_document, parties_involved) VALUES ('2024-DR-40-0436', '2023-10-11', NULL, 'Placement', 'Malik Baker (age 5) moved to pre-adoptive placement.', 'Placement Agreement, p. 19', 'Malik Baker (age 5), Andrea Foster');
INSERT INTO timeline_events (case_id, event_date, event_time, event_type, description, source_document, parties_involved) VALUES ('2024-DR-40-0436', '2023-10-24', '6:30 AM', 'Medical', 'Medical examination of Donovan Baker completed. Results pending.', 'Medical Records, p. 9', 'Malik Baker');
INSERT INTO timeline_events (case_id, event_date, event_time, event_type, description, source_document, parties_involved) VALUES ('2024-DR-40-0436', '2023-10-25', '2:45 PM', 'Law Enforcement', 'Detective serves protective order. Incident documented for DSS coordination.', 'Sheriff Report, p. 17', 'Donovan Baker, Sabrina Reed');
INSERT INTO statements (case_id, person_id, statement_date, made_to, statement_text, source_document, page_reference) VALUES ('2024-DR-40-0436', 191, '2023-07-27', 'Medical Staff', 'I love my kids. I would never hurt them. I just need some help.', 'Dictation PDF', 'p. 18');
INSERT INTO statements (case_id, person_id, statement_date, made_to, statement_text, source_document, page_reference) VALUES ('2024-DR-40-0436', 191, '2023-08-19', 'Medical Staff', 'I am getting my life together. I just need more time', 'Dictation PDF', 'p. 23');
INSERT INTO statements (case_id, person_id, statement_date, made_to, statement_text, source_document, page_reference) VALUES ('2024-DR-40-0436', 191, '2023-08-29', 'Law Enforcement', 'That is not what happened. I can explain.', 'Sheriff Report', 'p. 20');
INSERT INTO statements (case_id, person_id, statement_date, made_to, statement_text, source_document, page_reference) VALUES ('2024-DR-40-0436', 193, '2023-09-13', 'Case Manager', 'During my office interview, Donovan Baker minimized the severity of the situation. Compliance with the case plan has been minimal.', 'Dictation PDF', 'p. 16');
INSERT INTO statements (case_id, person_id, statement_date, made_to, statement_text, source_document, page_reference) VALUES ('2024-DR-40-0436', 193, '2023-09-20', 'Case Manager', 'Donovan Baker has attended 1 of 8 required counseling appointments. This level of compliance is insufficient.', 'Home Visit Report', 'p. 5');
INSERT INTO statements (case_id, person_id, statement_date, made_to, statement_text, source_document, page_reference) VALUES ('2024-DR-40-0436', 193, '2023-10-11', 'Case Manager', 'I observed supervised visitation on 2024-01-11. The children are adjusting well.', 'Court Transcript', 'p. 25');
INSERT INTO statements (case_id, person_id, statement_date, made_to, statement_text, source_document, page_reference) VALUES ('2024-DR-40-0436', 194, '2023-10-24', 'Court', 'In my assessment, the children are thriving in their current placement. I recommend a permanency hearing be scheduled.', 'GAL Report', 'p. 7');
INSERT INTO discrepancies (case_id, topic, person_a_id, person_a_account, person_b_id, person_b_account, contradicted_by, source_document) VALUES ('2024-DR-40-0436', 'Compliance with treatment plan', 191, 'States best effort with court-ordered services. Claims transportation issues for any gaps.', 193, 'DSS records show dropped out of program. Bus passes were provided but unused.', 'Provider records and DSS documentation contradict parent claims of compliance.', 'Placement Agreement, GAL Report');
INSERT INTO discrepancies (case_id, topic, person_a_id, person_a_account, person_b_id, person_b_account, contradicted_by, source_document) VALUES ('2024-DR-40-0436', 'Substance use', 191, 'Denies current substance use. Claims only occasional recreational use.', 190, 'Medical evaluation show drug paraphernalia in home.', 'Lab results and clinical observations contradict self-report.', 'Drug Screen Report, School Report');

-- Case 36: 2024-DR-42-0424
INSERT INTO cases (case_id, case_title, case_type, circuit, county, filed_date, status, plaintiff, summary) VALUES ('2024-DR-42-0424', 'DSS v. Taylor — TPR', 'Termination of Parental Rights', 'Third Judicial Circuit', 'Sumter', '2024-07-08', 'Active', 'SC Department of Social Services', 'Termination of Parental Rights case involving Kayla Taylor (age 9). Children removed after home found to be unsafe with exposed wiring and no working smoke detectors. Nicole Wright ordered to complete treatment plan including parenting skills classes (12 weeks), gainful employment, anger management classes, random drug screening. Case is ongoing with next hearing scheduled.');
INSERT INTO people (case_id, full_name, role, relationship, dob, notes) VALUES ('2024-DR-42-0424', 'Nicole Wright', 'Parent', 'Mother of Kayla Taylor (age 9)', '1994-05-25', NULL);
INSERT INTO people (case_id, full_name, role, relationship, dob, notes) VALUES ('2024-DR-42-0424', 'Tyrone Taylor', 'Parent', 'Father of Kayla Taylor (age 9)', '1991-03-04', NULL);
INSERT INTO people (case_id, full_name, role, relationship, dob, notes) VALUES ('2024-DR-42-0424', 'Kayla Taylor', 'Child', 'Minor child, age 9', '2014-07-16', NULL);
INSERT INTO people (case_id, full_name, role, relationship, dob, notes) VALUES ('2024-DR-42-0424', 'Kevin Brooks', 'Case Manager', 'DSS Case Manager', NULL, NULL);
INSERT INTO people (case_id, full_name, role, relationship, dob, notes) VALUES ('2024-DR-42-0424', 'Steven Marsh', 'Guardian ad Litem', 'Court-appointed GAL', NULL, NULL);
INSERT INTO timeline_events (case_id, event_date, event_time, event_type, description, source_document, parties_involved) VALUES ('2024-DR-42-0424', '2024-05-29', '12:30 PM', 'DSS Action', 'DSS receives referral regarding Kayla Taylor. Neighbor reports concerns about home conditions.', 'DSS Intake Report, p. 10', 'Kayla Taylor, Kevin Brooks');
INSERT INTO timeline_events (case_id, event_date, event_time, event_type, description, source_document, parties_involved) VALUES ('2024-DR-42-0424', '2024-06-25', '9:45 PM', 'DSS Action', 'Kevin Brooks conducts scheduled home visit. Finds home found to be unsafe with exposed wiring and no working smoke detectors. Nicole Wright not present at the home.', 'Home Visit Report, p. 15', 'Kevin Brooks, Nicole Wright');
INSERT INTO timeline_events (case_id, event_date, event_time, event_type, description, source_document, parties_involved) VALUES ('2024-DR-42-0424', '2024-07-08', '5:30 PM', 'DSS Action', 'DSS obtains emergency removal order. Kayla Taylor (age 9) placed in temporary shelter care. Nicole Wright informed of removal and rights.', 'Court Filing, Emergency Order, p. 15', 'Kevin Brooks, Nicole Wright, Kayla Taylor (age 9)');
INSERT INTO timeline_events (case_id, event_date, event_time, event_type, description, source_document, parties_involved) VALUES ('2024-DR-42-0424', '2024-07-19', '11:30 AM', 'Court', 'Probable cause hearing before Judge Robert Faircloth. Court finds probable cause of abuse. Nicole Wright present with appointed counsel. Treatment plan ordered: parenting skills classes (12 weeks), gainful employment, anger management classes, random drug screening.', 'Court Filing, Order 1, p. 9', 'Nicole Wright, Kevin Brooks, Judge Robert Faircloth');
INSERT INTO timeline_events (case_id, event_date, event_time, event_type, description, source_document, parties_involved) VALUES ('2024-DR-42-0424', '2024-08-09', NULL, 'Court', 'Review hearing. Nicole Wright has made minimal progress on court-ordered treatment plan. Court approves modified case plan.', 'Court Filing, Order 2, p. 15', 'Nicole Wright, Kevin Brooks, Judge Robert Faircloth');
INSERT INTO timeline_events (case_id, event_date, event_time, event_type, description, source_document, parties_involved) VALUES ('2024-DR-42-0424', '2024-09-04', NULL, 'Placement', 'Kayla Taylor (age 9) moved to pre-adoptive placement.', 'Placement Agreement, p. 1', 'Kayla Taylor (age 9), Kevin Brooks');
INSERT INTO timeline_events (case_id, event_date, event_time, event_type, description, source_document, parties_involved) VALUES ('2024-DR-42-0424', '2024-09-15', NULL, 'Medical', 'Medical examination of Kayla Taylor completed. No acute findings at this time.', 'Medical Records, p. 1', 'Nicole Wright');
INSERT INTO statements (case_id, person_id, statement_date, made_to, statement_text, source_document, page_reference) VALUES ('2024-DR-42-0424', 195, '2024-05-29', 'Law Enforcement', 'I love my children. I would never hurt them. Things have been hard.', 'Court Transcript', 'p. 7');
INSERT INTO statements (case_id, person_id, statement_date, made_to, statement_text, source_document, page_reference) VALUES ('2024-DR-42-0424', 195, '2024-06-25', 'Case Manager', 'I am clean now. I have been following the case plan', 'Court Transcript', 'p. 9');
INSERT INTO statements (case_id, person_id, statement_date, made_to, statement_text, source_document, page_reference) VALUES ('2024-DR-42-0424', 195, '2024-07-08', 'Court', 'The report is not accurate. I can explain.', 'Court Transcript', 'p. 21');
INSERT INTO statements (case_id, person_id, statement_date, made_to, statement_text, source_document, page_reference) VALUES ('2024-DR-42-0424', 198, '2024-07-19', 'Case Manager', 'During my home visit, Nicole Wright was cooperative but appeared anxious. The home was not safe for children.', 'Dictation PDF', 'p. 12');
INSERT INTO statements (case_id, person_id, statement_date, made_to, statement_text, source_document, page_reference) VALUES ('2024-DR-42-0424', 199, '2024-08-09', 'Court', 'In my assessment, the parent has not demonstrated ability to provide safe care. I recommend reunification with safety plan.', 'GAL Report', 'p. 5');
INSERT INTO discrepancies (case_id, topic, person_a_id, person_a_account, person_b_id, person_b_account, contradicted_by, source_document) VALUES ('2024-DR-42-0424', 'Home conditions', 195, 'States the home is clean and safe. Denies any safety hazards.', 196, 'Kevin Brooks documents lack of food during home visit. Multiple visits confirmed issues.', 'Home visit report and photographs contradict parent account.', 'School Report, Psychological Evaluation');
INSERT INTO discrepancies (case_id, topic, person_a_id, person_a_account, person_b_id, person_b_account, contradicted_by, source_document) VALUES ('2024-DR-42-0424', 'Parenting capacity', 195, 'States children were always cared for. States neighbors/family can vouch for care.', 198, 'Medical records show children expressed fear of returning home.', 'Child statements contradict parent account.', 'Sheriff Report, Court Transcript');
INSERT INTO discrepancies (case_id, topic, person_a_id, person_a_account, person_b_id, person_b_account, contradicted_by, source_document) VALUES ('2024-DR-42-0424', 'Compliance with treatment plan', 195, 'States consistent attendance with court-ordered services. Claims transportation issues for any gaps.', 196, 'DSS records show repeated no-shows. No documentation of completion submitted.', 'Provider records and DSS documentation contradict parent claims of compliance.', 'Psychological Evaluation, Drug Screen Report');

-- Case 37: 2023-DR-05-0409
INSERT INTO cases (case_id, case_title, case_type, circuit, county, filed_date, status, plaintiff, summary) VALUES ('2023-DR-05-0409', 'DSS v. Stewart — Family Preservation', 'Family Preservation', 'Second Judicial Circuit', 'Barnwell', '2023-07-03', 'Active', 'SC Department of Social Services', 'Family Preservation case involving Janiya Stewart (age 2). Children removed after children left unsupervised for extended period. Gerald Stewart ordered to complete treatment plan including family therapy sessions, substance abuse evaluation and treatment, parenting skills classes (12 weeks), anger management classes, stable housing. Case is ongoing with next hearing scheduled.');
INSERT INTO people (case_id, full_name, role, relationship, dob, notes) VALUES ('2023-DR-05-0409', 'Diane Nelson', 'Parent', 'Mother of Janiya Stewart (age 2)', '1996-12-08', NULL);
INSERT INTO people (case_id, full_name, role, relationship, dob, notes) VALUES ('2023-DR-05-0409', 'Gerald Stewart', 'Parent', 'Father of Janiya Stewart (age 2)', '1995-06-23', NULL);
INSERT INTO people (case_id, full_name, role, relationship, dob, notes) VALUES ('2023-DR-05-0409', 'Janiya Stewart', 'Child', 'Minor child, age 2', '2021-10-26', NULL);
INSERT INTO people (case_id, full_name, role, relationship, dob, notes) VALUES ('2023-DR-05-0409', 'David Ortiz', 'Case Manager', 'DSS Case Manager', NULL, NULL);
INSERT INTO people (case_id, full_name, role, relationship, dob, notes) VALUES ('2023-DR-05-0409', 'Karen Milford', 'Guardian ad Litem', 'Court-appointed GAL', NULL, NULL);
INSERT INTO timeline_events (case_id, event_date, event_time, event_type, description, source_document, parties_involved) VALUES ('2023-DR-05-0409', '2023-06-09', '1:30 PM', 'DSS Action', 'DSS receives referral regarding Janiya Stewart. School reports concerns about home conditions.', 'DSS Intake Report, p. 19', 'Janiya Stewart, David Ortiz');
INSERT INTO timeline_events (case_id, event_date, event_time, event_type, description, source_document, parties_involved) VALUES ('2023-DR-05-0409', '2023-06-15', NULL, 'DSS Action', 'David Ortiz conducts scheduled home visit. Finds children left unsupervised for extended period. Gerald Stewart cooperative but defensive.', 'Home Visit Report, p. 23', 'David Ortiz, Gerald Stewart');
INSERT INTO timeline_events (case_id, event_date, event_time, event_type, description, source_document, parties_involved) VALUES ('2023-DR-05-0409', '2023-07-03', '9:00 AM', 'DSS Action', 'DSS obtains emergency removal order. Janiya Stewart (age 2) placed in emergency foster care. Gerald Stewart informed of removal and rights.', 'Court Filing, Emergency Order, p. 20', 'David Ortiz, Gerald Stewart, Janiya Stewart (age 2)');
INSERT INTO timeline_events (case_id, event_date, event_time, event_type, description, source_document, parties_involved) VALUES ('2023-DR-05-0409', '2023-07-12', '5:00 AM', 'Court', 'Probable cause hearing before Judge Margaret Easley. Court finds probable cause of abuse. Gerald Stewart present with retained counsel. Treatment plan ordered: family therapy sessions, substance abuse evaluation and treatment, parenting skills classes (12 weeks), anger management classes, stable housing.', 'Court Filing, Order 1, p. 24', 'Gerald Stewart, David Ortiz, Judge Margaret Easley');
INSERT INTO timeline_events (case_id, event_date, event_time, event_type, description, source_document, parties_involved) VALUES ('2023-DR-05-0409', '2023-07-17', NULL, 'Court', 'Review hearing. Gerald Stewart has not complied with on court-ordered treatment plan. Court warns of potential TPR.', 'Court Filing, Order 2, p. 10', 'Gerald Stewart, David Ortiz, Judge Margaret Easley');
INSERT INTO timeline_events (case_id, event_date, event_time, event_type, description, source_document, parties_involved) VALUES ('2023-DR-05-0409', '2023-09-03', '7:00 PM', 'Placement', 'Janiya Stewart (age 2) placed in therapeutic foster care.', 'Placement Agreement, p. 7', 'Janiya Stewart (age 2), David Ortiz');
INSERT INTO timeline_events (case_id, event_date, event_time, event_type, description, source_document, parties_involved) VALUES ('2023-DR-05-0409', '2023-09-21', NULL, 'Medical', 'Psychological evaluation of Gerald Stewart completed. Referral for additional services recommended.', 'Medical Records, p. 11', 'Janiya Stewart');
INSERT INTO statements (case_id, person_id, statement_date, made_to, statement_text, source_document, page_reference) VALUES ('2023-DR-05-0409', 201, '2023-06-09', 'Medical Staff', 'I love my kids. I would never hurt them. Things have been hard.', 'Sheriff Report', 'p. 2');
INSERT INTO statements (case_id, person_id, statement_date, made_to, statement_text, source_document, page_reference) VALUES ('2023-DR-05-0409', 201, '2023-06-15', 'Law Enforcement', 'I am clean now. I am willing to do whatever it takes', 'Court Transcript', 'p. 4');
INSERT INTO statements (case_id, person_id, statement_date, made_to, statement_text, source_document, page_reference) VALUES ('2023-DR-05-0409', 201, '2023-07-03', 'Medical Staff', 'The report is not accurate. The kids were never in danger.', 'Court Transcript', 'p. 25');
INSERT INTO statements (case_id, person_id, statement_date, made_to, statement_text, source_document, page_reference) VALUES ('2023-DR-05-0409', 203, '2023-07-12', 'Court', 'During my initial assessment, Gerald Stewart was cooperative but appeared anxious. I have concerns about the children returning.', 'Home Visit Report', 'p. 25');
INSERT INTO statements (case_id, person_id, statement_date, made_to, statement_text, source_document, page_reference) VALUES ('2023-DR-05-0409', 203, '2023-07-17', 'Case Manager', 'Gerald Stewart has attended 5 of 12 required counseling appointments. This level of compliance is insufficient.', 'Court Transcript', 'p. 19');
INSERT INTO statements (case_id, person_id, statement_date, made_to, statement_text, source_document, page_reference) VALUES ('2023-DR-05-0409', 204, '2023-09-03', 'Court', 'In my assessment, the parent has not demonstrated ability to provide safe care. I recommend TPR and adoption planning.', 'GAL Report', 'p. 11');
INSERT INTO discrepancies (case_id, topic, person_a_id, person_a_account, person_b_id, person_b_account, contradicted_by, source_document) VALUES ('2023-DR-05-0409', 'Home conditions', 201, 'States the home is being improved. Denies any safety hazards.', 203, 'David Ortiz documents lack of food during home visit. Photographs taken.', 'Home visit report and photographs contradict parent account.', 'Drug Screen Report, Home Visit Report');
INSERT INTO discrepancies (case_id, topic, person_a_id, person_a_account, person_b_id, person_b_account, contradicted_by, source_document) VALUES ('2023-DR-05-0409', 'Substance use', 201, 'Denies current substance use. Claims to be sober.', 203, 'Medical evaluation show track marks observed.', 'Lab results and clinical observations contradict self-report.', 'Placement Agreement, Court Filing');
INSERT INTO discrepancies (case_id, topic, person_a_id, person_a_account, person_b_id, person_b_account, contradicted_by, source_document) VALUES ('2023-DR-05-0409', 'Compliance with treatment plan', 201, 'States consistent attendance with court-ordered services. Claims transportation issues for any gaps.', 203, 'DSS records show incomplete requirements. Providers confirm non-attendance.', 'Provider records and DSS documentation contradict parent claims of compliance.', 'School Report, Court Filing');

-- Case 38: 2025-DR-07-0448
INSERT INTO cases (case_id, case_title, case_type, circuit, county, filed_date, status, plaintiff, summary) VALUES ('2025-DR-07-0448', 'DSS v. Morris — Physical Abuse', 'Physical Abuse', 'Fifteenth Judicial Circuit', 'Horry', '2025-05-06', 'Closed', 'SC Department of Social Services', 'Physical Abuse case involving Diamond Morris (age 5) and Ebony Morris (age 1). Rhonda Morris completed court-ordered treatment plan including stable housing and family therapy sessions. Children successfully reunified with Rhonda Morris under ongoing DSS monitoring. Case closed.');
INSERT INTO people (case_id, full_name, role, relationship, dob, notes) VALUES ('2025-DR-07-0448', 'Rhonda Morris', 'Parent', 'Mother of Diamond Morris (age 5) and Ebony Morris (age 1)', '1988-09-05', NULL);
INSERT INTO people (case_id, full_name, role, relationship, dob, notes) VALUES ('2025-DR-07-0448', 'Donovan Morris', 'Parent', 'Father of Diamond Morris (age 5) and Ebony Morris (age 1)', '1997-12-17', NULL);
INSERT INTO people (case_id, full_name, role, relationship, dob, notes) VALUES ('2025-DR-07-0448', 'Diamond Morris', 'Child', 'Minor child, age 5', '2019-06-11', NULL);
INSERT INTO people (case_id, full_name, role, relationship, dob, notes) VALUES ('2025-DR-07-0448', 'Ebony Morris', 'Child', 'Minor child, age 1', '2022-12-20', NULL);
INSERT INTO people (case_id, full_name, role, relationship, dob, notes) VALUES ('2025-DR-07-0448', 'David Ortiz', 'Case Manager', 'DSS Case Manager', NULL, NULL);
INSERT INTO people (case_id, full_name, role, relationship, dob, notes) VALUES ('2025-DR-07-0448', 'Thomas Reed', 'Guardian ad Litem', 'Court-appointed GAL', NULL, NULL);
INSERT INTO timeline_events (case_id, event_date, event_time, event_type, description, source_document, parties_involved) VALUES ('2025-DR-07-0448', '2025-03-26', '9:15 PM', 'DSS Action', 'DSS receives referral regarding Diamond Morris. Hospital reports concerns about suspected abuse.', 'DSS Intake Report, p. 29', 'Diamond Morris, David Ortiz');
INSERT INTO timeline_events (case_id, event_date, event_time, event_type, description, source_document, parties_involved) VALUES ('2025-DR-07-0448', '2025-04-18', '7:45 AM', 'DSS Action', 'David Ortiz conducts unannounced home visit. Finds home found to be unsafe with exposed wiring and no working smoke detectors. Rhonda Morris not present at the home.', 'Home Visit Report, p. 12', 'David Ortiz, Rhonda Morris');
INSERT INTO timeline_events (case_id, event_date, event_time, event_type, description, source_document, parties_involved) VALUES ('2025-DR-07-0448', '2025-05-06', '11:00 PM', 'DSS Action', 'DSS obtains emergency removal order. Diamond Morris (age 5) and Ebony Morris (age 1) placed in emergency foster care. Rhonda Morris informed of removal and rights.', 'Court Filing, Emergency Order, p. 26', 'David Ortiz, Rhonda Morris, Diamond Morris (age 5) and Ebony Morris (age 1)');
INSERT INTO timeline_events (case_id, event_date, event_time, event_type, description, source_document, parties_involved) VALUES ('2025-DR-07-0448', '2025-05-20', '2:00 PM', 'Court', 'Probable cause hearing before Judge Kenneth Fulton. Court finds probable cause of abuse. Rhonda Morris present with appointed counsel. Treatment plan ordered: stable housing, family therapy sessions, domestic violence intervention program, individual counseling, anger management classes.', 'Court Filing, Order 1, p. 10', 'Rhonda Morris, David Ortiz, Judge Kenneth Fulton');
INSERT INTO timeline_events (case_id, event_date, event_time, event_type, description, source_document, parties_involved) VALUES ('2025-DR-07-0448', '2025-05-22', NULL, 'Court', 'Review hearing. Rhonda Morris has partially completed on court-ordered treatment plan. Court continues current orders.', 'Court Filing, Order 2, p. 23', 'Rhonda Morris, David Ortiz, Judge Kenneth Fulton');
INSERT INTO timeline_events (case_id, event_date, event_time, event_type, description, source_document, parties_involved) VALUES ('2025-DR-07-0448', '2025-05-29', '5:00 AM', 'Placement', 'Diamond Morris (age 5) and Ebony Morris (age 1) transferred to kinship placement.', 'Placement Agreement, p. 16', 'Diamond Morris (age 5) and Ebony Morris (age 1), David Ortiz');
INSERT INTO statements (case_id, person_id, statement_date, made_to, statement_text, source_document, page_reference) VALUES ('2025-DR-07-0448', 205, '2025-03-26', 'Medical Staff', 'I love my children. I would never hurt them. Things have been hard.', 'Sheriff Report', 'p. 19');
INSERT INTO statements (case_id, person_id, statement_date, made_to, statement_text, source_document, page_reference) VALUES ('2025-DR-07-0448', 205, '2025-04-18', 'Court', 'I am working on myself. I am willing to do whatever it takes', 'Sheriff Report', 'p. 6');
INSERT INTO statements (case_id, person_id, statement_date, made_to, statement_text, source_document, page_reference) VALUES ('2025-DR-07-0448', 205, '2025-05-06', 'Court', 'That is not what happened. Someone else was responsible.', 'Court Transcript', 'p. 3');
INSERT INTO statements (case_id, person_id, statement_date, made_to, statement_text, source_document, page_reference) VALUES ('2025-DR-07-0448', 209, '2025-05-20', 'Court', 'During my initial assessment, Rhonda Morris appeared to be under the influence. The home was not safe for children.', 'Dictation PDF', 'p. 11');
INSERT INTO statements (case_id, person_id, statement_date, made_to, statement_text, source_document, page_reference) VALUES ('2025-DR-07-0448', 209, '2025-05-22', 'Court', 'Rhonda Morris has attended 5 of 12 required treatment sessions. We recommend continued out-of-home placement.', 'Dictation PDF', 'p. 25');
INSERT INTO statements (case_id, person_id, statement_date, made_to, statement_text, source_document, page_reference) VALUES ('2025-DR-07-0448', 209, '2025-05-29', 'Court', 'I observed supervised visitation on 2024-01-26. There are behavioral concerns.', 'Court Transcript', 'p. 17');
INSERT INTO statements (case_id, person_id, statement_date, made_to, statement_text, source_document, page_reference) VALUES ('2025-DR-07-0448', 209, '2025-05-29', 'Case Manager', 'During my initial assessment, Rhonda Morris appeared to be under the influence. The home was not safe for children.', 'Dictation PDF', 'p. 14');
INSERT INTO statements (case_id, person_id, statement_date, made_to, statement_text, source_document, page_reference) VALUES ('2025-DR-07-0448', 210, '2025-05-29', 'Court', 'In my assessment, further time is needed to evaluate reunification potential. I recommend TPR and adoption planning.', 'GAL Report', 'p. 18');
INSERT INTO discrepancies (case_id, topic, person_a_id, person_a_account, person_b_id, person_b_account, contradicted_by, source_document) VALUES ('2025-DR-07-0448', 'Cause of injuries / incident', 205, 'States the injuries were accidental. Claims no knowledge of how injuries occurred.', 206, 'Other parent contradicts this account. Injuries inconsistent with reported mechanism.', 'Physical evidence contradicts this account.', 'Court Transcript, Psychological Evaluation');
INSERT INTO discrepancies (case_id, topic, person_a_id, person_a_account, person_b_id, person_b_account, contradicted_by, source_document) VALUES ('2025-DR-07-0448', 'Compliance with treatment plan', 205, 'States best effort with court-ordered services. Claims transportation issues for any gaps.', 209, 'DSS records show incomplete requirements. Alternative appointments were offered and declined.', 'Provider records and DSS documentation contradict parent claims of compliance.', 'Court Transcript, Medical Records');
INSERT INTO discrepancies (case_id, topic, person_a_id, person_a_account, person_b_id, person_b_account, contradicted_by, source_document) VALUES ('2025-DR-07-0448', 'Home conditions', 205, 'States the home is clean and safe. Denies any safety hazards.', 206, 'David Ortiz documents utility shutoffs during home visit. Photographs taken.', 'Home visit report and photographs contradict parent account.', 'Psychological Evaluation, Sheriff Report');

-- Case 39: 2024-DR-25-0374
INSERT INTO cases (case_id, case_title, case_type, circuit, county, filed_date, status, plaintiff, summary) VALUES ('2024-DR-25-0374', 'DSS v. Bailey — Emergency Removal', 'Emergency Removal', 'Sixteenth Judicial Circuit', 'Union', '2024-08-26', 'Active', 'SC Department of Social Services', 'Emergency Removal case involving Caleb Bailey (age 12). Children removed after parent failed to seek medical attention for child injuries. Corey Bailey ordered to complete treatment plan including substance abuse evaluation and treatment, parenting skills classes (12 weeks), individual counseling, family therapy sessions, gainful employment. Case is ongoing with next hearing scheduled.');
INSERT INTO people (case_id, full_name, role, relationship, dob, notes) VALUES ('2024-DR-25-0374', 'Valerie Bailey', 'Parent', 'Mother of Caleb Bailey (age 12)', '1996-05-14', NULL);
INSERT INTO people (case_id, full_name, role, relationship, dob, notes) VALUES ('2024-DR-25-0374', 'Corey Bailey', 'Parent', 'Father of Caleb Bailey (age 12)', '1996-02-25', NULL);
INSERT INTO people (case_id, full_name, role, relationship, dob, notes) VALUES ('2024-DR-25-0374', 'Caleb Bailey', 'Child', 'Minor child, age 12', '2012-01-10', NULL);
INSERT INTO people (case_id, full_name, role, relationship, dob, notes) VALUES ('2024-DR-25-0374', 'Donna Sullivan', 'Case Manager', 'DSS Case Manager', NULL, NULL);
INSERT INTO people (case_id, full_name, role, relationship, dob, notes) VALUES ('2024-DR-25-0374', 'Steven Marsh', 'Guardian ad Litem', 'Court-appointed GAL', NULL, NULL);
INSERT INTO timeline_events (case_id, event_date, event_time, event_type, description, source_document, parties_involved) VALUES ('2024-DR-25-0374', '2024-08-01', NULL, 'DSS Action', 'DSS receives referral regarding Caleb Bailey. School reports concerns about suspected neglect.', 'DSS Intake Report, p. 3', 'Caleb Bailey, Donna Sullivan');
INSERT INTO timeline_events (case_id, event_date, event_time, event_type, description, source_document, parties_involved) VALUES ('2024-DR-25-0374', '2024-08-06', '1:45 PM', 'DSS Action', 'Donna Sullivan conducts scheduled home visit. Finds parent failed to seek medical attention for child injuries. Corey Bailey not present at the home.', 'Home Visit Report, p. 6', 'Donna Sullivan, Corey Bailey');
INSERT INTO timeline_events (case_id, event_date, event_time, event_type, description, source_document, parties_involved) VALUES ('2024-DR-25-0374', '2024-08-26', NULL, 'DSS Action', 'DSS obtains emergency removal order. Caleb Bailey (age 12) placed in kinship care with relative. Corey Bailey informed of removal and rights.', 'Court Filing, Emergency Order, p. 20', 'Donna Sullivan, Corey Bailey, Caleb Bailey (age 12)');
INSERT INTO timeline_events (case_id, event_date, event_time, event_type, description, source_document, parties_involved) VALUES ('2024-DR-25-0374', '2024-09-07', NULL, 'Court', 'Probable cause hearing before Judge Robert Faircloth. Court finds probable cause of abuse. Corey Bailey present with appointed counsel. Treatment plan ordered: substance abuse evaluation and treatment, parenting skills classes (12 weeks), individual counseling, family therapy sessions, gainful employment.', 'Court Filing, Order 1, p. 21', 'Corey Bailey, Donna Sullivan, Judge Robert Faircloth');
INSERT INTO timeline_events (case_id, event_date, event_time, event_type, description, source_document, parties_involved) VALUES ('2024-DR-25-0374', '2024-09-26', '5:45 PM', 'Court', 'Review hearing. Corey Bailey has partially completed on court-ordered treatment plan. Court continues current orders.', 'Court Filing, Order 2, p. 10', 'Corey Bailey, Donna Sullivan, Judge Robert Faircloth');
INSERT INTO timeline_events (case_id, event_date, event_time, event_type, description, source_document, parties_involved) VALUES ('2024-DR-25-0374', '2024-10-03', '10:30 PM', 'Placement', 'Caleb Bailey (age 12) moved to pre-adoptive placement.', 'Placement Agreement, p. 3', 'Caleb Bailey (age 12), Donna Sullivan');
INSERT INTO timeline_events (case_id, event_date, event_time, event_type, description, source_document, parties_involved) VALUES ('2024-DR-25-0374', '2024-10-28', '7:30 PM', 'Medical', 'Substance abuse evaluation of Caleb Bailey completed. Findings consistent with reported concerns.', 'Substance Abuse Evaluation Report, p. 19', 'Caleb Bailey');
INSERT INTO statements (case_id, person_id, statement_date, made_to, statement_text, source_document, page_reference) VALUES ('2024-DR-25-0374', 212, '2024-08-01', 'Case Manager', 'I love my kids. I would never hurt them. I am doing my best.', 'Sheriff Report', 'p. 24');
INSERT INTO statements (case_id, person_id, statement_date, made_to, statement_text, source_document, page_reference) VALUES ('2024-DR-25-0374', 212, '2024-08-06', 'Medical Staff', 'I am working on myself. I just need more time', 'Dictation PDF', 'p. 11');
INSERT INTO statements (case_id, person_id, statement_date, made_to, statement_text, source_document, page_reference) VALUES ('2024-DR-25-0374', 212, '2024-08-26', 'Case Manager', 'They are exaggerating. It was a misunderstanding.', 'Court Transcript', 'p. 14');
INSERT INTO statements (case_id, person_id, statement_date, made_to, statement_text, source_document, page_reference) VALUES ('2024-DR-25-0374', 214, '2024-09-07', 'Court', 'During my follow-up visit, Corey Bailey minimized the severity of the situation. The home was not safe for children.', 'Dictation PDF', 'p. 4');
INSERT INTO statements (case_id, person_id, statement_date, made_to, statement_text, source_document, page_reference) VALUES ('2024-DR-25-0374', 214, '2024-09-26', 'Court', 'Corey Bailey has partially completed 1 of 8 required drug screens. We recommend continued out-of-home placement.', 'Dictation PDF', 'p. 2');
INSERT INTO statements (case_id, person_id, statement_date, made_to, statement_text, source_document, page_reference) VALUES ('2024-DR-25-0374', 214, '2024-10-03', 'Court', 'I observed supervised visitation on 2024-11-21. The children expressed desire to return home.', 'Court Transcript', 'p. 16');
INSERT INTO statements (case_id, person_id, statement_date, made_to, statement_text, source_document, page_reference) VALUES ('2024-DR-25-0374', 214, '2024-10-28', 'Case Manager', 'During my follow-up visit, Corey Bailey minimized the severity of the situation. The home was not safe for children.', 'Court Transcript', 'p. 12');
INSERT INTO statements (case_id, person_id, statement_date, made_to, statement_text, source_document, page_reference) VALUES ('2024-DR-25-0374', 215, '2024-10-28', 'Court', 'In my assessment, further time is needed to evaluate reunification potential. I recommend a permanency hearing be scheduled.', 'GAL Report', 'p. 24');
INSERT INTO discrepancies (case_id, topic, person_a_id, person_a_account, person_b_id, person_b_account, contradicted_by, source_document) VALUES ('2024-DR-25-0374', 'Parenting capacity', 212, 'States is a capable parent. Claims children were happy and healthy.', 211, 'School records show behavioral issues emerging.', 'GAL report contradict parent account.', 'Psychological Evaluation, Treatment Progress Report');
INSERT INTO discrepancies (case_id, topic, person_a_id, person_a_account, person_b_id, person_b_account, contradicted_by, source_document) VALUES ('2024-DR-25-0374', 'Compliance with treatment plan', 212, 'States active participation with court-ordered services. Claims provider delays for any gaps.', 211, 'DSS records show minimal attendance. Providers confirm non-attendance.', 'Provider records and DSS documentation contradict parent claims of compliance.', 'Court Filing, Home Visit Report');
INSERT INTO discrepancies (case_id, topic, person_a_id, person_a_account, person_b_id, person_b_account, contradicted_by, source_document) VALUES ('2024-DR-25-0374', 'Cause of injuries / incident', 212, 'States the incident did not happen. Blames the other parent.', 214, 'Medical evidence contradicts this account. Other parent provides conflicting version.', 'Medical records contradicts this account.', 'DSS Intake Report, Court Transcript');

-- Case 40: 2025-DR-31-0446
INSERT INTO cases (case_id, case_title, case_type, circuit, county, filed_date, status, plaintiff, summary) VALUES ('2025-DR-31-0446', 'DSS v. Allen — Voluntary Placement', 'Voluntary Placement', 'Sixth Judicial Circuit', 'Lancaster', '2024-04-02', 'Active', 'SC Department of Social Services', 'Voluntary Placement case involving Chloe Allen (age 2) and Terrell Allen (age 1). Children removed after children left unsupervised for extended period. Tonya Walker ordered to complete treatment plan including gainful employment, stable housing, psychological evaluation. Case is ongoing with next hearing scheduled.');
INSERT INTO people (case_id, full_name, role, relationship, dob, notes) VALUES ('2025-DR-31-0446', 'Tonya Walker', 'Parent', 'Mother of Chloe Allen (age 2) and Terrell Allen (age 1)', '1995-11-21', NULL);
INSERT INTO people (case_id, full_name, role, relationship, dob, notes) VALUES ('2025-DR-31-0446', 'Franklin Allen', 'Parent', 'Father of Chloe Allen (age 2) and Terrell Allen (age 1)', '1995-08-11', NULL);
INSERT INTO people (case_id, full_name, role, relationship, dob, notes) VALUES ('2025-DR-31-0446', 'Chloe Allen', 'Child', 'Minor child, age 2', '2022-02-23', NULL);
INSERT INTO people (case_id, full_name, role, relationship, dob, notes) VALUES ('2025-DR-31-0446', 'Terrell Allen', 'Child', 'Minor child, age 1', '2022-09-27', NULL);
INSERT INTO people (case_id, full_name, role, relationship, dob, notes) VALUES ('2025-DR-31-0446', 'Marcus Perry', 'Case Manager', 'DSS Case Manager', NULL, NULL);
INSERT INTO people (case_id, full_name, role, relationship, dob, notes) VALUES ('2025-DR-31-0446', 'Philip Crane', 'Guardian ad Litem', 'Court-appointed GAL', NULL, NULL);
INSERT INTO timeline_events (case_id, event_date, event_time, event_type, description, source_document, parties_involved) VALUES ('2025-DR-31-0446', '2024-02-22', '12:15 PM', 'DSS Action', 'DSS receives referral regarding Chloe Allen. Anonymous tipline reports concerns about child welfare.', 'DSS Intake Report, p. 17', 'Chloe Allen, Marcus Perry');
INSERT INTO timeline_events (case_id, event_date, event_time, event_type, description, source_document, parties_involved) VALUES ('2025-DR-31-0446', '2024-03-19', '10:15 AM', 'DSS Action', 'Marcus Perry conducts unannounced home visit. Finds children left unsupervised for extended period. Tonya Walker uncooperative and hostile.', 'Home Visit Report, p. 3', 'Marcus Perry, Tonya Walker');
INSERT INTO timeline_events (case_id, event_date, event_time, event_type, description, source_document, parties_involved) VALUES ('2025-DR-31-0446', '2024-04-02', NULL, 'DSS Action', 'DSS obtains emergency removal order. Chloe Allen (age 2) and Terrell Allen (age 1) placed in emergency foster care. Tonya Walker informed of removal and rights.', 'Court Filing, Emergency Order, p. 25', 'Marcus Perry, Tonya Walker, Chloe Allen (age 2) and Terrell Allen (age 1)');
INSERT INTO timeline_events (case_id, event_date, event_time, event_type, description, source_document, parties_involved) VALUES ('2025-DR-31-0446', '2024-04-15', '8:00 PM', 'Court', 'Probable cause hearing before Judge Harold Wynn. Court finds probable cause of abuse. Tonya Walker present with appointed counsel. Treatment plan ordered: gainful employment, stable housing, psychological evaluation.', 'Court Filing, Order 1, p. 8', 'Tonya Walker, Marcus Perry, Judge Harold Wynn');
INSERT INTO timeline_events (case_id, event_date, event_time, event_type, description, source_document, parties_involved) VALUES ('2025-DR-31-0446', '2024-05-04', '7:15 AM', 'Court', 'Review hearing. Tonya Walker has partially completed on court-ordered treatment plan. Court schedules merits hearing.', 'Court Filing, Order 2, p. 17', 'Tonya Walker, Marcus Perry, Judge Harold Wynn');
INSERT INTO timeline_events (case_id, event_date, event_time, event_type, description, source_document, parties_involved) VALUES ('2025-DR-31-0446', '2024-05-23', NULL, 'Placement', 'Chloe Allen (age 2) and Terrell Allen (age 1) transferred to kinship placement.', 'Placement Agreement, p. 11', 'Chloe Allen (age 2) and Terrell Allen (age 1), Marcus Perry');
INSERT INTO timeline_events (case_id, event_date, event_time, event_type, description, source_document, parties_involved) VALUES ('2025-DR-31-0446', '2024-05-31', '5:45 AM', 'Medical', 'Forensic interview of Chloe Allen completed. Referral for additional services recommended.', 'Psychological Evaluation, p. 10', 'Chloe Allen');
INSERT INTO timeline_events (case_id, event_date, event_time, event_type, description, source_document, parties_involved) VALUES ('2025-DR-31-0446', '2024-06-09', '12:15 PM', 'Law Enforcement', 'Police officer serves protective order. No arrest made at this time.', 'Sheriff Report, p. 1', 'Tonya Walker, Franklin Allen');
INSERT INTO statements (case_id, person_id, statement_date, made_to, statement_text, source_document, page_reference) VALUES ('2025-DR-31-0446', 216, '2024-02-22', 'Medical Staff', 'I love my babies. I would never hurt them. Things have been hard.', 'Sheriff Report', 'p. 20');
INSERT INTO statements (case_id, person_id, statement_date, made_to, statement_text, source_document, page_reference) VALUES ('2025-DR-31-0446', 216, '2024-03-19', 'Medical Staff', 'I am working on myself. I just need more time', 'Dictation PDF', 'p. 1');
INSERT INTO statements (case_id, person_id, statement_date, made_to, statement_text, source_document, page_reference) VALUES ('2025-DR-31-0446', 216, '2024-04-02', 'Case Manager', 'I was not there when that happened. It was a misunderstanding.', 'Court Transcript', 'p. 15');
INSERT INTO statements (case_id, person_id, statement_date, made_to, statement_text, source_document, page_reference) VALUES ('2025-DR-31-0446', 220, '2024-04-15', 'Court', 'During my follow-up visit, Tonya Walker minimized the severity of the situation. Compliance with the case plan has been minimal.', 'Home Visit Report', 'p. 8');
INSERT INTO statements (case_id, person_id, statement_date, made_to, statement_text, source_document, page_reference) VALUES ('2025-DR-31-0446', 220, '2024-05-04', 'Court', 'Tonya Walker has not enrolled in 5 of 12 required counseling appointments. Additional supports have been offered.', 'Home Visit Report', 'p. 4');
INSERT INTO statements (case_id, person_id, statement_date, made_to, statement_text, source_document, page_reference) VALUES ('2025-DR-31-0446', 220, '2024-05-23', 'Court', 'I observed supervised visitation on 2024-05-04. There are behavioral concerns.', 'Court Transcript', 'p. 19');
INSERT INTO statements (case_id, person_id, statement_date, made_to, statement_text, source_document, page_reference) VALUES ('2025-DR-31-0446', 220, '2024-05-31', 'Case Manager', 'During my follow-up visit, Tonya Walker minimized the severity of the situation. Compliance with the case plan has been minimal.', 'Dictation PDF', 'p. 23');
INSERT INTO statements (case_id, person_id, statement_date, made_to, statement_text, source_document, page_reference) VALUES ('2025-DR-31-0446', 221, '2024-06-09', 'Court', 'In my assessment, further time is needed to evaluate reunification potential. I recommend TPR and adoption planning.', 'GAL Report', 'p. 14');
INSERT INTO discrepancies (case_id, topic, person_a_id, person_a_account, person_b_id, person_b_account, contradicted_by, source_document) VALUES ('2025-DR-31-0446', 'Parenting capacity', 216, 'States is a capable parent. Claims children were happy and healthy.', 217, 'Foster care reports show chronic absenteeism.', 'Child statements contradict parent account.', 'Treatment Progress Report, Treatment Progress Report');
INSERT INTO discrepancies (case_id, topic, person_a_id, person_a_account, person_b_id, person_b_account, contradicted_by, source_document) VALUES ('2025-DR-31-0446', 'Compliance with treatment plan', 216, 'States full compliance with court-ordered services. Claims transportation issues for any gaps.', 217, 'DSS records show incomplete requirements. Providers confirm non-attendance.', 'Provider records and DSS documentation contradict parent claims of compliance.', 'Sheriff Report, Court Transcript');

-- Case 41: 2024-DR-09-0389
INSERT INTO cases (case_id, case_title, case_type, circuit, county, filed_date, status, plaintiff, summary) VALUES ('2024-DR-09-0389', 'DSS v. Bell — Guardianship', 'Guardianship', 'Second Judicial Circuit', 'Aiken', '2023-10-17', 'Closed', 'SC Department of Social Services', 'Guardianship case involving Heaven Bell (age 14) and Serenity Bell (age 9). Angela Young completed court-ordered treatment plan including stable housing and random drug screening. Children successfully reunified with Angela Young under ongoing DSS monitoring. Case closed.');
INSERT INTO people (case_id, full_name, role, relationship, dob, notes) VALUES ('2024-DR-09-0389', 'Angela Young', 'Parent', 'Mother of Heaven Bell (age 14) and Serenity Bell (age 9)', '1994-03-12', NULL);
INSERT INTO people (case_id, full_name, role, relationship, dob, notes) VALUES ('2024-DR-09-0389', 'Vernon Bell', 'Parent', 'Father of Heaven Bell (age 14) and Serenity Bell (age 9)', '1990-12-01', NULL);
INSERT INTO people (case_id, full_name, role, relationship, dob, notes) VALUES ('2024-DR-09-0389', 'Heaven Bell', 'Child', 'Minor child, age 14', '2010-01-18', NULL);
INSERT INTO people (case_id, full_name, role, relationship, dob, notes) VALUES ('2024-DR-09-0389', 'Serenity Bell', 'Child', 'Minor child, age 9', '2015-04-26', NULL);
INSERT INTO people (case_id, full_name, role, relationship, dob, notes) VALUES ('2024-DR-09-0389', 'Kevin Brooks', 'Case Manager', 'DSS Case Manager', NULL, NULL);
INSERT INTO people (case_id, full_name, role, relationship, dob, notes) VALUES ('2024-DR-09-0389', 'Karen Milford', 'Guardian ad Litem', 'Court-appointed GAL', NULL, NULL);
INSERT INTO timeline_events (case_id, event_date, event_time, event_type, description, source_document, parties_involved) VALUES ('2024-DR-09-0389', '2023-09-11', '4:45 AM', 'DSS Action', 'DSS receives referral regarding Heaven Bell. Hospital reports concerns about suspected neglect.', 'DSS Intake Report, p. 19', 'Heaven Bell, Kevin Brooks');
INSERT INTO timeline_events (case_id, event_date, event_time, event_type, description, source_document, parties_involved) VALUES ('2024-DR-09-0389', '2023-09-30', '1:15 AM', 'DSS Action', 'Kevin Brooks conducts unannounced home visit. Finds school reported chronic absenteeism and signs of neglect. Angela Young uncooperative and hostile.', 'Home Visit Report, p. 2', 'Kevin Brooks, Angela Young');
INSERT INTO timeline_events (case_id, event_date, event_time, event_type, description, source_document, parties_involved) VALUES ('2024-DR-09-0389', '2023-10-17', '2:00 PM', 'DSS Action', 'DSS obtains emergency removal order. Heaven Bell (age 14) and Serenity Bell (age 9) placed in kinship care with relative. Angela Young informed of removal and rights.', 'Court Filing, Emergency Order, p. 28', 'Kevin Brooks, Angela Young, Heaven Bell (age 14) and Serenity Bell (age 9)');
INSERT INTO timeline_events (case_id, event_date, event_time, event_type, description, source_document, parties_involved) VALUES ('2024-DR-09-0389', '2023-11-05', NULL, 'Court', 'Probable cause hearing before Judge Margaret Easley. Court finds probable cause of abuse. Angela Young present with appointed counsel. Treatment plan ordered: stable housing, random drug screening, parenting skills classes (12 weeks).', 'Court Filing, Order 1, p. 23', 'Angela Young, Kevin Brooks, Judge Margaret Easley');
INSERT INTO timeline_events (case_id, event_date, event_time, event_type, description, source_document, parties_involved) VALUES ('2024-DR-09-0389', '2023-11-18', '3:30 AM', 'Court', 'Review hearing. Angela Young has made minimal progress on court-ordered treatment plan. Court approves modified case plan.', 'Court Filing, Order 2, p. 20', 'Angela Young, Kevin Brooks, Judge Margaret Easley');
INSERT INTO statements (case_id, person_id, statement_date, made_to, statement_text, source_document, page_reference) VALUES ('2024-DR-09-0389', 222, '2023-09-11', 'Case Manager', 'I love my kids. I would never hurt them. I just need some help.', 'Court Transcript', 'p. 1');
INSERT INTO statements (case_id, person_id, statement_date, made_to, statement_text, source_document, page_reference) VALUES ('2024-DR-09-0389', 222, '2023-09-30', 'Medical Staff', 'I am going to my appointments. I just need more time', 'Sheriff Report', 'p. 16');
INSERT INTO statements (case_id, person_id, statement_date, made_to, statement_text, source_document, page_reference) VALUES ('2024-DR-09-0389', 222, '2023-10-17', 'Medical Staff', 'I was not there when that happened. I can explain.', 'Court Transcript', 'p. 7');
INSERT INTO statements (case_id, person_id, statement_date, made_to, statement_text, source_document, page_reference) VALUES ('2024-DR-09-0389', 226, '2023-11-05', 'Court', 'During my initial assessment, Angela Young minimized the severity of the situation. Compliance with the case plan has been minimal.', 'Court Transcript', 'p. 2');
INSERT INTO statements (case_id, person_id, statement_date, made_to, statement_text, source_document, page_reference) VALUES ('2024-DR-09-0389', 226, '2023-11-18', 'Court', 'Angela Young has not enrolled in 1 of 8 required counseling appointments. This level of compliance is insufficient.', 'Court Transcript', 'p. 10');
INSERT INTO statements (case_id, person_id, statement_date, made_to, statement_text, source_document, page_reference) VALUES ('2024-DR-09-0389', 226, '2023-11-18', 'Case Manager', 'I reviewed school records on 2024-01-12. The children are adjusting well.', 'Home Visit Report', 'p. 14');
INSERT INTO statements (case_id, person_id, statement_date, made_to, statement_text, source_document, page_reference) VALUES ('2024-DR-09-0389', 227, '2023-11-18', 'Court', 'In my assessment, further time is needed to evaluate reunification potential. I recommend continued out-of-home placement.', 'GAL Report', 'p. 12');
INSERT INTO discrepancies (case_id, topic, person_a_id, person_a_account, person_b_id, person_b_account, contradicted_by, source_document) VALUES ('2024-DR-09-0389', 'Home conditions', 222, 'States the home is being improved. Denies any safety hazards.', 226, 'Kevin Brooks documents unsanitary conditions during home visit. Multiple visits confirmed issues.', 'Home visit report and photographs contradict parent account.', 'Treatment Progress Report, Treatment Progress Report');
INSERT INTO discrepancies (case_id, topic, person_a_id, person_a_account, person_b_id, person_b_account, contradicted_by, source_document) VALUES ('2024-DR-09-0389', 'Substance use', 222, 'Denies current substance use. States use was in the past.', 226, 'Law enforcement report show evidence of impairment.', 'Lab results and law enforcement report contradict self-report.', 'Court Filing, Court Transcript');
INSERT INTO discrepancies (case_id, topic, person_a_id, person_a_account, person_b_id, person_b_account, contradicted_by, source_document) VALUES ('2024-DR-09-0389', 'Cause of injuries / incident', 222, 'States the injuries were accidental. Claims no knowledge of how injuries occurred.', 226, 'Witness account contradicts this account. Injuries inconsistent with reported mechanism.', 'Other parent testimony contradicts this account.', 'School Report, Sheriff Report');
INSERT INTO discrepancies (case_id, topic, person_a_id, person_a_account, person_b_id, person_b_account, contradicted_by, source_document) VALUES ('2024-DR-09-0389', 'Compliance with treatment plan', 222, 'States full compliance with court-ordered services. Claims scheduling conflicts for any gaps.', 223, 'DSS records show minimal attendance. Alternative appointments were offered and declined.', 'Provider records and DSS documentation contradict parent claims of compliance.', 'Home Visit Report, Psychological Evaluation');

-- Case 42: 2025-DR-09-0443
INSERT INTO cases (case_id, case_title, case_type, circuit, county, filed_date, status, plaintiff, summary) VALUES ('2025-DR-09-0443', 'DSS v. Reed — TPR', 'Termination of Parental Rights', 'Fourth Judicial Circuit', 'Dillon', '2023-11-17', 'Active', 'SC Department of Social Services', 'Termination of Parental Rights case involving Micah Reed (age 5). Children removed after home found to be unsafe with exposed wiring and no working smoke detectors. Diane Jackson ordered to complete treatment plan including substance abuse evaluation and treatment, individual counseling, parenting skills classes (12 weeks), random drug screening, anger management classes. Case is ongoing with next hearing scheduled.');
INSERT INTO people (case_id, full_name, role, relationship, dob, notes) VALUES ('2025-DR-09-0443', 'Diane Jackson', 'Parent', 'Mother of Micah Reed (age 5)', '1996-12-01', NULL);
INSERT INTO people (case_id, full_name, role, relationship, dob, notes) VALUES ('2025-DR-09-0443', 'Robert Reed', 'Parent', 'Father of Micah Reed (age 5)', '1996-04-04', NULL);
INSERT INTO people (case_id, full_name, role, relationship, dob, notes) VALUES ('2025-DR-09-0443', 'Micah Reed', 'Child', 'Minor child, age 5', '2018-09-21', NULL);
INSERT INTO people (case_id, full_name, role, relationship, dob, notes) VALUES ('2025-DR-09-0443', 'Brian Colbert', 'Case Manager', 'DSS Case Manager', NULL, NULL);
INSERT INTO people (case_id, full_name, role, relationship, dob, notes) VALUES ('2025-DR-09-0443', 'Caroline Fisher', 'Guardian ad Litem', 'Court-appointed GAL', NULL, NULL);
INSERT INTO timeline_events (case_id, event_date, event_time, event_type, description, source_document, parties_involved) VALUES ('2025-DR-09-0443', '2023-10-29', '5:30 AM', 'DSS Action', 'DSS receives referral regarding Micah Reed. Neighbor reports concerns about suspected abuse.', 'DSS Intake Report, p. 29', 'Micah Reed, Brian Colbert');
INSERT INTO timeline_events (case_id, event_date, event_time, event_type, description, source_document, parties_involved) VALUES ('2025-DR-09-0443', '2023-10-29', NULL, 'DSS Action', 'Brian Colbert conducts scheduled home visit. Finds home found to be unsafe with exposed wiring and no working smoke detectors. Diane Jackson uncooperative and hostile.', 'Home Visit Report, p. 12', 'Brian Colbert, Diane Jackson');
INSERT INTO timeline_events (case_id, event_date, event_time, event_type, description, source_document, parties_involved) VALUES ('2025-DR-09-0443', '2023-11-17', '11:15 AM', 'DSS Action', 'DSS obtains emergency removal order. Micah Reed (age 5) placed in emergency foster care. Diane Jackson informed of removal and rights.', 'Court Filing, Emergency Order, p. 27', 'Brian Colbert, Diane Jackson, Micah Reed (age 5)');
INSERT INTO timeline_events (case_id, event_date, event_time, event_type, description, source_document, parties_involved) VALUES ('2025-DR-09-0443', '2023-12-02', '7:45 PM', 'Court', 'Probable cause hearing before Judge William Harmon. Court finds probable cause of abuse. Diane Jackson present with appointed counsel. Treatment plan ordered: substance abuse evaluation and treatment, individual counseling, parenting skills classes (12 weeks), random drug screening, anger management classes.', 'Court Filing, Order 1, p. 16', 'Diane Jackson, Brian Colbert, Judge William Harmon');
INSERT INTO timeline_events (case_id, event_date, event_time, event_type, description, source_document, parties_involved) VALUES ('2025-DR-09-0443', '2023-12-06', '7:45 AM', 'Court', 'Review hearing. Diane Jackson has not complied with on court-ordered treatment plan. Court continues current orders.', 'Court Filing, Order 2, p. 1', 'Diane Jackson, Brian Colbert, Judge William Harmon');
INSERT INTO timeline_events (case_id, event_date, event_time, event_type, description, source_document, parties_involved) VALUES ('2025-DR-09-0443', '2023-12-21', '1:00 PM', 'Placement', 'Micah Reed (age 5) placed with licensed foster family.', 'Placement Agreement, p. 15', 'Micah Reed (age 5), Brian Colbert');
INSERT INTO timeline_events (case_id, event_date, event_time, event_type, description, source_document, parties_involved) VALUES ('2025-DR-09-0443', '2024-01-14', NULL, 'Medical', 'Medical examination of Diane Jackson completed. Referral for additional services recommended.', 'Substance Abuse Evaluation Report, p. 22', 'Micah Reed');
INSERT INTO statements (case_id, person_id, statement_date, made_to, statement_text, source_document, page_reference) VALUES ('2025-DR-09-0443', 228, '2023-10-29', 'Court', 'I love my children. I would never hurt them. I know I made mistakes.', 'Dictation PDF', 'p. 18');
INSERT INTO statements (case_id, person_id, statement_date, made_to, statement_text, source_document, page_reference) VALUES ('2025-DR-09-0443', 228, '2023-10-29', 'Court', 'I am clean now. I just need more time', 'Dictation PDF', 'p. 23');
INSERT INTO statements (case_id, person_id, statement_date, made_to, statement_text, source_document, page_reference) VALUES ('2025-DR-09-0443', 228, '2023-11-17', 'Case Manager', 'I was not there when that happened. Someone else was responsible.', 'Sheriff Report', 'p. 7');
INSERT INTO statements (case_id, person_id, statement_date, made_to, statement_text, source_document, page_reference) VALUES ('2025-DR-09-0443', 231, '2023-12-02', 'Case Manager', 'During my office interview, Diane Jackson was cooperative but appeared anxious. I have concerns about the children returning.', 'Court Transcript', 'p. 18');
INSERT INTO statements (case_id, person_id, statement_date, made_to, statement_text, source_document, page_reference) VALUES ('2025-DR-09-0443', 231, '2023-12-06', 'Case Manager', 'Diane Jackson has missed 1 of 8 required parenting classes. DSS continues to monitor.', 'Court Transcript', 'p. 9');
INSERT INTO statements (case_id, person_id, statement_date, made_to, statement_text, source_document, page_reference) VALUES ('2025-DR-09-0443', 231, '2023-12-21', 'Case Manager', 'I spoke with the foster family on 2024-09-09. The children are adjusting well.', 'Home Visit Report', 'p. 1');
INSERT INTO statements (case_id, person_id, statement_date, made_to, statement_text, source_document, page_reference) VALUES ('2025-DR-09-0443', 231, '2024-01-14', 'Court', 'During my office interview, Diane Jackson was cooperative but appeared anxious. I have concerns about the children returning.', 'Home Visit Report', 'p. 18');
INSERT INTO statements (case_id, person_id, statement_date, made_to, statement_text, source_document, page_reference) VALUES ('2025-DR-09-0443', 232, '2024-01-14', 'Court', 'In my assessment, further time is needed to evaluate reunification potential. I recommend TPR and adoption planning.', 'GAL Report', 'p. 20');
INSERT INTO discrepancies (case_id, topic, person_a_id, person_a_account, person_b_id, person_b_account, contradicted_by, source_document) VALUES ('2025-DR-09-0443', 'Substance use', 228, 'Denies current alcohol abuse. States use was in the past.', 231, 'Medical evaluation show track marks observed.', 'Lab results and law enforcement report contradict self-report.', 'Court Transcript, Dictation PDF');
INSERT INTO discrepancies (case_id, topic, person_a_id, person_a_account, person_b_id, person_b_account, contradicted_by, source_document) VALUES ('2025-DR-09-0443', 'Cause of injuries / incident', 228, 'States the incident did not happen. Blames the other parent.', 229, 'Medical evidence contradicts this account. Injuries inconsistent with reported mechanism.', 'Physical evidence contradicts this account.', 'Medical Records, Court Filing');

-- Case 43: 2024-DR-19-0404
INSERT INTO cases (case_id, case_title, case_type, circuit, county, filed_date, status, plaintiff, summary) VALUES ('2024-DR-19-0404', 'DSS v. Webb — Emergency Removal', 'Emergency Removal', 'Fifteenth Judicial Circuit', 'Horry', '2024-05-18', 'Dismissed', 'SC Department of Social Services', 'Emergency Removal case involving Kaden Webb (age 9) and Precious Webb (age 14). Investigation found insufficient evidence to substantiate allegations. Case dismissed by Judge Margaret Easley.');
INSERT INTO people (case_id, full_name, role, relationship, dob, notes) VALUES ('2024-DR-19-0404', 'Lakisha Webb', 'Parent', 'Mother of Kaden Webb (age 9) and Precious Webb (age 14)', '1999-02-15', NULL);
INSERT INTO people (case_id, full_name, role, relationship, dob, notes) VALUES ('2024-DR-19-0404', 'Marcus Webb', 'Parent', 'Father of Kaden Webb (age 9) and Precious Webb (age 14)', '1999-05-24', NULL);
INSERT INTO people (case_id, full_name, role, relationship, dob, notes) VALUES ('2024-DR-19-0404', 'Kaden Webb', 'Child', 'Minor child, age 9', '2014-08-05', NULL);
INSERT INTO people (case_id, full_name, role, relationship, dob, notes) VALUES ('2024-DR-19-0404', 'Precious Webb', 'Child', 'Minor child, age 14', '2009-07-24', NULL);
INSERT INTO people (case_id, full_name, role, relationship, dob, notes) VALUES ('2024-DR-19-0404', 'Marcus Perry', 'Case Manager', 'DSS Case Manager', NULL, NULL);
INSERT INTO people (case_id, full_name, role, relationship, dob, notes) VALUES ('2024-DR-19-0404', 'Patricia Lang', 'Guardian ad Litem', 'Court-appointed GAL', NULL, NULL);
INSERT INTO timeline_events (case_id, event_date, event_time, event_type, description, source_document, parties_involved) VALUES ('2024-DR-19-0404', '2024-04-25', NULL, 'DSS Action', 'DSS receives referral regarding Kaden Webb. School reports concerns about suspected neglect.', 'DSS Intake Report, p. 17', 'Kaden Webb, Marcus Perry');
INSERT INTO timeline_events (case_id, event_date, event_time, event_type, description, source_document, parties_involved) VALUES ('2024-DR-19-0404', '2024-05-06', '7:00 PM', 'DSS Action', 'Marcus Perry conducts unannounced home visit. Finds school reported chronic absenteeism and signs of neglect. Lakisha Webb appeared impaired.', 'Home Visit Report, p. 15', 'Marcus Perry, Lakisha Webb');
INSERT INTO timeline_events (case_id, event_date, event_time, event_type, description, source_document, parties_involved) VALUES ('2024-DR-19-0404', '2024-05-18', '9:45 PM', 'DSS Action', 'DSS obtains emergency removal order. Kaden Webb (age 9) and Precious Webb (age 14) placed in temporary shelter care. Lakisha Webb informed of removal and rights.', 'Court Filing, Emergency Order, p. 7', 'Marcus Perry, Lakisha Webb, Kaden Webb (age 9) and Precious Webb (age 14)');
INSERT INTO timeline_events (case_id, event_date, event_time, event_type, description, source_document, parties_involved) VALUES ('2024-DR-19-0404', '2024-06-06', '9:30 PM', 'Court', 'Probable cause hearing before Judge Margaret Easley. Court finds probable cause of abuse. Lakisha Webb present with retained counsel. Treatment plan ordered: domestic violence intervention program, stable housing, parenting skills classes (12 weeks).', 'Court Filing, Order 1, p. 20', 'Lakisha Webb, Marcus Perry, Judge Margaret Easley');
INSERT INTO timeline_events (case_id, event_date, event_time, event_type, description, source_document, parties_involved) VALUES ('2024-DR-19-0404', '2024-06-18', NULL, 'Court', 'Review hearing. Lakisha Webb has shown some improvement on court-ordered treatment plan. Court warns of potential TPR.', 'Court Filing, Order 2, p. 26', 'Lakisha Webb, Marcus Perry, Judge Margaret Easley');
INSERT INTO timeline_events (case_id, event_date, event_time, event_type, description, source_document, parties_involved) VALUES ('2024-DR-19-0404', '2024-06-25', '5:00 AM', 'Placement', 'Kaden Webb (age 9) and Precious Webb (age 14) moved to pre-adoptive placement.', 'Placement Agreement, p. 29', 'Kaden Webb (age 9) and Precious Webb (age 14), Marcus Perry');
INSERT INTO statements (case_id, person_id, statement_date, made_to, statement_text, source_document, page_reference) VALUES ('2024-DR-19-0404', 233, '2024-04-25', 'Medical Staff', 'I love my children. I would never hurt them. Things have been hard.', 'Court Transcript', 'p. 16');
INSERT INTO statements (case_id, person_id, statement_date, made_to, statement_text, source_document, page_reference) VALUES ('2024-DR-19-0404', 233, '2024-05-06', 'Medical Staff', 'I am getting my life together. I just need more time', 'Sheriff Report', 'p. 10');
INSERT INTO statements (case_id, person_id, statement_date, made_to, statement_text, source_document, page_reference) VALUES ('2024-DR-19-0404', 233, '2024-05-18', 'Medical Staff', 'The report is not accurate. The kids were never in danger.', 'Sheriff Report', 'p. 17');
INSERT INTO statements (case_id, person_id, statement_date, made_to, statement_text, source_document, page_reference) VALUES ('2024-DR-19-0404', 237, '2024-06-06', 'Court', 'During my office interview, Lakisha Webb was hostile and refused to answer questions. I have concerns about the children returning.', 'Court Transcript', 'p. 22');
INSERT INTO statements (case_id, person_id, statement_date, made_to, statement_text, source_document, page_reference) VALUES ('2024-DR-19-0404', 237, '2024-06-18', 'Court', 'Lakisha Webb has missed 7 of 12 required treatment sessions. DSS continues to monitor.', 'Home Visit Report', 'p. 18');
INSERT INTO statements (case_id, person_id, statement_date, made_to, statement_text, source_document, page_reference) VALUES ('2024-DR-19-0404', 237, '2024-06-25', 'Case Manager', 'I reviewed school records on 2024-08-10. There are behavioral concerns.', 'Court Transcript', 'p. 2');
INSERT INTO statements (case_id, person_id, statement_date, made_to, statement_text, source_document, page_reference) VALUES ('2024-DR-19-0404', 237, '2024-06-25', 'Case Manager', 'During my office interview, Lakisha Webb was hostile and refused to answer questions. I have concerns about the children returning.', 'Dictation PDF', 'p. 21');
INSERT INTO statements (case_id, person_id, statement_date, made_to, statement_text, source_document, page_reference) VALUES ('2024-DR-19-0404', 238, '2024-06-25', 'Court', 'In my assessment, it is in the best interest of the children to remain in care. I recommend reunification with safety plan.', 'GAL Report', 'p. 5');
INSERT INTO discrepancies (case_id, topic, person_a_id, person_a_account, person_b_id, person_b_account, contradicted_by, source_document) VALUES ('2024-DR-19-0404', 'Cause of injuries / incident', 233, 'States the incident did not happen. Says child was injured at school/daycare.', 237, 'Other parent contradicts this account. Witness observed different events.', 'Other parent testimony contradicts this account.', 'GAL Report, DSS Intake Report');
INSERT INTO discrepancies (case_id, topic, person_a_id, person_a_account, person_b_id, person_b_account, contradicted_by, source_document) VALUES ('2024-DR-19-0404', 'Home conditions', 233, 'States the home is temporarily messy due to moving. Denies any safety hazards.', 237, 'Marcus Perry documents exposed wiring during home visit. Conditions verified by law enforcement.', 'Home visit report and photographs contradict parent account.', 'Psychological Evaluation, Court Transcript');

-- Case 44: 2023-DR-43-0424
INSERT INTO cases (case_id, case_title, case_type, circuit, county, filed_date, status, plaintiff, summary) VALUES ('2023-DR-43-0424', 'DSS v. Wilson — Physical Abuse', 'Physical Abuse', 'Fourteenth Judicial Circuit', 'Jasper', '2023-06-04', 'Active', 'SC Department of Social Services', 'Physical Abuse case involving Bryce Wilson (age 9). Children removed after home environment found to be unsanitary with animal waste and spoiled food. Clifton Wilson ordered to complete treatment plan including stable housing, random drug screening, anger management classes, psychological evaluation, domestic violence intervention program. Case is ongoing with next hearing scheduled.');
INSERT INTO people (case_id, full_name, role, relationship, dob, notes) VALUES ('2023-DR-43-0424', 'Brenda Wilson', 'Parent', 'Mother of Bryce Wilson (age 9)', '1987-12-25', NULL);
INSERT INTO people (case_id, full_name, role, relationship, dob, notes) VALUES ('2023-DR-43-0424', 'Clifton Wilson', 'Parent', 'Father of Bryce Wilson (age 9)', '1996-01-13', NULL);
INSERT INTO people (case_id, full_name, role, relationship, dob, notes) VALUES ('2023-DR-43-0424', 'Bryce Wilson', 'Child', 'Minor child, age 9', '2014-07-18', NULL);
INSERT INTO people (case_id, full_name, role, relationship, dob, notes) VALUES ('2023-DR-43-0424', 'Renee Dawson', 'Case Manager', 'DSS Case Manager', NULL, NULL);
INSERT INTO people (case_id, full_name, role, relationship, dob, notes) VALUES ('2023-DR-43-0424', 'Natalie Voss', 'Guardian ad Litem', 'Court-appointed GAL', NULL, NULL);
INSERT INTO timeline_events (case_id, event_date, event_time, event_type, description, source_document, parties_involved) VALUES ('2023-DR-43-0424', '2023-04-24', '1:30 PM', 'DSS Action', 'DSS receives referral regarding Bryce Wilson. Neighbor reports concerns about child welfare.', 'DSS Intake Report, p. 25', 'Bryce Wilson, Renee Dawson');
INSERT INTO timeline_events (case_id, event_date, event_time, event_type, description, source_document, parties_involved) VALUES ('2023-DR-43-0424', '2023-05-22', '6:00 PM', 'DSS Action', 'Renee Dawson conducts scheduled home visit. Finds home environment found to be unsanitary with animal waste and spoiled food. Clifton Wilson not present at the home.', 'Home Visit Report, p. 25', 'Renee Dawson, Clifton Wilson');
INSERT INTO timeline_events (case_id, event_date, event_time, event_type, description, source_document, parties_involved) VALUES ('2023-DR-43-0424', '2023-06-04', NULL, 'DSS Action', 'DSS obtains emergency removal order. Bryce Wilson (age 9) placed in temporary shelter care. Clifton Wilson informed of removal and rights.', 'Court Filing, Emergency Order, p. 3', 'Renee Dawson, Clifton Wilson, Bryce Wilson (age 9)');
INSERT INTO timeline_events (case_id, event_date, event_time, event_type, description, source_document, parties_involved) VALUES ('2023-DR-43-0424', '2023-06-21', '6:00 PM', 'Court', 'Probable cause hearing before Judge Theresa Boyd. Court finds probable cause of abuse. Clifton Wilson present with appointed counsel. Treatment plan ordered: stable housing, random drug screening, anger management classes, psychological evaluation, domestic violence intervention program.', 'Court Filing, Order 1, p. 11', 'Clifton Wilson, Renee Dawson, Judge Theresa Boyd');
INSERT INTO timeline_events (case_id, event_date, event_time, event_type, description, source_document, parties_involved) VALUES ('2023-DR-43-0424', '2023-07-12', '3:00 AM', 'Court', 'Review hearing. Clifton Wilson has made minimal progress on court-ordered treatment plan. Court continues current orders.', 'Court Filing, Order 2, p. 29', 'Clifton Wilson, Renee Dawson, Judge Theresa Boyd');
INSERT INTO timeline_events (case_id, event_date, event_time, event_type, description, source_document, parties_involved) VALUES ('2023-DR-43-0424', '2023-07-12', '7:30 PM', 'Placement', 'Bryce Wilson (age 9) placed in therapeutic foster care.', 'Placement Agreement, p. 5', 'Bryce Wilson (age 9), Renee Dawson');
INSERT INTO timeline_events (case_id, event_date, event_time, event_type, description, source_document, parties_involved) VALUES ('2023-DR-43-0424', '2023-07-29', '11:30 AM', 'Medical', 'Forensic interview of Clifton Wilson completed. Findings consistent with reported concerns.', 'Psychological Evaluation, p. 7', 'Bryce Wilson');
INSERT INTO statements (case_id, person_id, statement_date, made_to, statement_text, source_document, page_reference) VALUES ('2023-DR-43-0424', 240, '2023-04-24', 'Court', 'I love my babies. I would never hurt them. I just need some help.', 'Sheriff Report', 'p. 11');
INSERT INTO statements (case_id, person_id, statement_date, made_to, statement_text, source_document, page_reference) VALUES ('2023-DR-43-0424', 240, '2023-05-22', 'Case Manager', 'I am clean now. I just need more time', 'Dictation PDF', 'p. 16');
INSERT INTO statements (case_id, person_id, statement_date, made_to, statement_text, source_document, page_reference) VALUES ('2023-DR-43-0424', 240, '2023-06-04', 'Case Manager', 'That is not what happened. It was a misunderstanding.', 'Dictation PDF', 'p. 20');
INSERT INTO statements (case_id, person_id, statement_date, made_to, statement_text, source_document, page_reference) VALUES ('2023-DR-43-0424', 242, '2023-06-21', 'Court', 'During my office interview, Clifton Wilson minimized the severity of the situation. I have concerns about the children returning.', 'Home Visit Report', 'p. 6');
INSERT INTO statements (case_id, person_id, statement_date, made_to, statement_text, source_document, page_reference) VALUES ('2023-DR-43-0424', 243, '2023-07-12', 'Court', 'In my assessment, it is in the best interest of the children to remain in care. I recommend TPR and adoption planning.', 'GAL Report', 'p. 25');
INSERT INTO discrepancies (case_id, topic, person_a_id, person_a_account, person_b_id, person_b_account, contradicted_by, source_document) VALUES ('2023-DR-43-0424', 'Cause of injuries / incident', 240, 'States the child was already hurt. Blames the other parent.', 239, 'Physical evidence contradicts this account. Timeline does not support claim.', 'Medical records contradicts this account.', 'Drug Screen Report, Psychological Evaluation');
INSERT INTO discrepancies (case_id, topic, person_a_id, person_a_account, person_b_id, person_b_account, contradicted_by, source_document) VALUES ('2023-DR-43-0424', 'Home conditions', 240, 'States the home is adequate for the children. Denies any safety hazards.', 239, 'Renee Dawson documents lack of food during home visit. Conditions verified by law enforcement.', 'Home visit report and photographs contradict parent account.', 'Court Transcript, Dictation PDF');
INSERT INTO discrepancies (case_id, topic, person_a_id, person_a_account, person_b_id, person_b_account, contradicted_by, source_document) VALUES ('2023-DR-43-0424', 'Substance use', 240, 'Denies current alcohol abuse. Claims only occasional recreational use.', 242, 'DSS observations show track marks observed.', 'Lab results and case manager notes contradict self-report.', 'Medical Records, School Report');

-- Case 45: 2024-DR-26-0425
INSERT INTO cases (case_id, case_title, case_type, circuit, county, filed_date, status, plaintiff, summary) VALUES ('2024-DR-26-0425', 'DSS v. Baker — Child Neglect', 'Child Neglect', 'Tenth Judicial Circuit', 'Anderson', '2025-04-18', 'Closed', 'SC Department of Social Services', 'Child Neglect case involving Bryce Baker (age 4). Robert Baker completed court-ordered treatment plan including domestic violence intervention program and parenting skills classes (12 weeks). Children successfully reunified with Robert Baker under ongoing DSS monitoring. Case closed.');
INSERT INTO people (case_id, full_name, role, relationship, dob, notes) VALUES ('2024-DR-26-0425', 'Sonya Webb', 'Parent', 'Mother of Bryce Baker (age 4)', '1996-04-05', NULL);
INSERT INTO people (case_id, full_name, role, relationship, dob, notes) VALUES ('2024-DR-26-0425', 'Robert Baker', 'Parent', 'Father of Bryce Baker (age 4)', '1992-05-03', NULL);
INSERT INTO people (case_id, full_name, role, relationship, dob, notes) VALUES ('2024-DR-26-0425', 'Bryce Baker', 'Child', 'Minor child, age 4', '2019-07-12', NULL);
INSERT INTO people (case_id, full_name, role, relationship, dob, notes) VALUES ('2024-DR-26-0425', 'Andrea Foster', 'Case Manager', 'DSS Case Manager', NULL, NULL);
INSERT INTO people (case_id, full_name, role, relationship, dob, notes) VALUES ('2024-DR-26-0425', 'Natalie Voss', 'Guardian ad Litem', 'Court-appointed GAL', NULL, NULL);
INSERT INTO timeline_events (case_id, event_date, event_time, event_type, description, source_document, parties_involved) VALUES ('2024-DR-26-0425', '2025-03-19', '2:30 PM', 'DSS Action', 'DSS receives referral regarding Bryce Baker. Neighbor reports concerns about home conditions.', 'DSS Intake Report, p. 14', 'Bryce Baker, Andrea Foster');
INSERT INTO timeline_events (case_id, event_date, event_time, event_type, description, source_document, parties_involved) VALUES ('2024-DR-26-0425', '2025-04-02', '9:45 PM', 'DSS Action', 'Andrea Foster conducts scheduled home visit. Finds sibling disclosed physical abuse to school counselor. Robert Baker not present at the home.', 'Home Visit Report, p. 21', 'Andrea Foster, Robert Baker');
INSERT INTO timeline_events (case_id, event_date, event_time, event_type, description, source_document, parties_involved) VALUES ('2024-DR-26-0425', '2025-04-18', NULL, 'DSS Action', 'DSS obtains emergency removal order. Bryce Baker (age 4) placed in emergency foster care. Robert Baker informed of removal and rights.', 'Court Filing, Emergency Order, p. 4', 'Andrea Foster, Robert Baker, Bryce Baker (age 4)');
INSERT INTO timeline_events (case_id, event_date, event_time, event_type, description, source_document, parties_involved) VALUES ('2024-DR-26-0425', '2025-04-29', '6:00 PM', 'Court', 'Probable cause hearing before Judge Carolyn Bridges. Court finds probable cause of neglect. Robert Baker present with retained counsel. Treatment plan ordered: domestic violence intervention program, parenting skills classes (12 weeks), stable housing, substance abuse evaluation and treatment, gainful employment.', 'Court Filing, Order 1, p. 22', 'Robert Baker, Andrea Foster, Judge Carolyn Bridges');
INSERT INTO timeline_events (case_id, event_date, event_time, event_type, description, source_document, parties_involved) VALUES ('2024-DR-26-0425', '2025-05-16', '5:00 PM', 'Court', 'Review hearing. Robert Baker has made minimal progress on court-ordered treatment plan. Court approves modified case plan.', 'Court Filing, Order 2, p. 15', 'Robert Baker, Andrea Foster, Judge Carolyn Bridges');
INSERT INTO timeline_events (case_id, event_date, event_time, event_type, description, source_document, parties_involved) VALUES ('2024-DR-26-0425', '2025-06-03', '3:30 AM', 'Placement', 'Bryce Baker (age 4) placed with licensed foster family.', 'Placement Agreement, p. 18', 'Bryce Baker (age 4), Andrea Foster');
INSERT INTO statements (case_id, person_id, statement_date, made_to, statement_text, source_document, page_reference) VALUES ('2024-DR-26-0425', 245, '2025-03-19', 'Court', 'I love my children. I would never hurt them. I just need some help.', 'Sheriff Report', 'p. 15');
INSERT INTO statements (case_id, person_id, statement_date, made_to, statement_text, source_document, page_reference) VALUES ('2024-DR-26-0425', 245, '2025-04-02', 'Court', 'I am working on myself. I have been following the case plan', 'Dictation PDF', 'p. 5');
INSERT INTO statements (case_id, person_id, statement_date, made_to, statement_text, source_document, page_reference) VALUES ('2024-DR-26-0425', 245, '2025-04-18', 'Medical Staff', 'The report is not accurate. Someone else was responsible.', 'Court Transcript', 'p. 13');
INSERT INTO statements (case_id, person_id, statement_date, made_to, statement_text, source_document, page_reference) VALUES ('2024-DR-26-0425', 247, '2025-04-29', 'Court', 'During my follow-up visit, Robert Baker was cooperative but appeared anxious. Compliance with the case plan has been minimal.', 'Court Transcript', 'p. 25');
INSERT INTO statements (case_id, person_id, statement_date, made_to, statement_text, source_document, page_reference) VALUES ('2024-DR-26-0425', 247, '2025-05-16', 'Court', 'Robert Baker has missed 5 of 12 required parenting classes. DSS continues to monitor.', 'Home Visit Report', 'p. 5');
INSERT INTO statements (case_id, person_id, statement_date, made_to, statement_text, source_document, page_reference) VALUES ('2024-DR-26-0425', 247, '2025-06-03', 'Court', 'I observed supervised visitation on 2024-01-10. There are behavioral concerns.', 'Home Visit Report', 'p. 22');
INSERT INTO statements (case_id, person_id, statement_date, made_to, statement_text, source_document, page_reference) VALUES ('2024-DR-26-0425', 248, '2025-06-03', 'Court', 'In my assessment, further time is needed to evaluate reunification potential. I recommend a permanency hearing be scheduled.', 'GAL Report', 'p. 5');
INSERT INTO discrepancies (case_id, topic, person_a_id, person_a_account, person_b_id, person_b_account, contradicted_by, source_document) VALUES ('2024-DR-26-0425', 'Compliance with treatment plan', 245, 'States active participation with court-ordered services. Claims scheduling conflicts for any gaps.', 244, 'DSS records show incomplete requirements. No documentation of completion submitted.', 'Provider records and DSS documentation contradict parent claims of compliance.', 'Court Filing, Drug Screen Report');
INSERT INTO discrepancies (case_id, topic, person_a_id, person_a_account, person_b_id, person_b_account, contradicted_by, source_document) VALUES ('2024-DR-26-0425', 'Substance use', 245, 'Denies current drug use. Denies any history of use.', 247, 'DSS observations show drug paraphernalia in home.', 'Lab results and clinical observations contradict self-report.', 'School Report, Sheriff Report');
INSERT INTO discrepancies (case_id, topic, person_a_id, person_a_account, person_b_id, person_b_account, contradicted_by, source_document) VALUES ('2024-DR-26-0425', 'Parenting capacity', 245, 'States children were always cared for. States neighbors/family can vouch for care.', 244, 'GAL observations show children expressed fear of returning home.', 'GAL report contradict parent account.', 'Home Visit Report, Psychological Evaluation');
INSERT INTO discrepancies (case_id, topic, person_a_id, person_a_account, person_b_id, person_b_account, contradicted_by, source_document) VALUES ('2024-DR-26-0425', 'Home conditions', 245, 'States the home is being improved. Denies any safety hazards.', 247, 'Andrea Foster documents unsanitary conditions during home visit. Conditions verified by law enforcement.', 'Home visit report and photographs contradict parent account.', 'DSS Intake Report, DSS Intake Report');

-- Case 46: 2023-DR-02-0423
INSERT INTO cases (case_id, case_title, case_type, circuit, county, filed_date, status, plaintiff, summary) VALUES ('2023-DR-02-0423', 'DSS v. Murphy — CPS', 'Child Protective Services', 'Fifth Judicial Circuit', 'Richland', '2023-10-29', 'Active', 'SC Department of Social Services', 'Child Protective Services case involving Jalen Murphy (age 11) and Nia Murphy (age 6). Children removed after parent failed to seek medical attention for child injuries. Shonda Murphy ordered to complete treatment plan including random drug screening, domestic violence intervention program, psychological evaluation. Case is ongoing with next hearing scheduled.');
INSERT INTO people (case_id, full_name, role, relationship, dob, notes) VALUES ('2023-DR-02-0423', 'Shonda Murphy', 'Parent', 'Mother of Jalen Murphy (age 11) and Nia Murphy (age 6)', '1991-11-03', NULL);
INSERT INTO people (case_id, full_name, role, relationship, dob, notes) VALUES ('2023-DR-02-0423', 'Tyrone Murphy', 'Parent', 'Father of Jalen Murphy (age 11) and Nia Murphy (age 6)', '1986-03-29', NULL);
INSERT INTO people (case_id, full_name, role, relationship, dob, notes) VALUES ('2023-DR-02-0423', 'Jalen Murphy', 'Child', 'Minor child, age 11', '2013-03-10', NULL);
INSERT INTO people (case_id, full_name, role, relationship, dob, notes) VALUES ('2023-DR-02-0423', 'Nia Murphy', 'Child', 'Minor child, age 6', '2017-10-22', NULL);
INSERT INTO people (case_id, full_name, role, relationship, dob, notes) VALUES ('2023-DR-02-0423', 'Sandra Reeves', 'Case Manager', 'DSS Case Manager', NULL, NULL);
INSERT INTO people (case_id, full_name, role, relationship, dob, notes) VALUES ('2023-DR-02-0423', 'Valerie Dunn', 'Guardian ad Litem', 'Court-appointed GAL', NULL, NULL);
INSERT INTO timeline_events (case_id, event_date, event_time, event_type, description, source_document, parties_involved) VALUES ('2023-DR-02-0423', '2023-10-08', NULL, 'DSS Action', 'DSS receives referral regarding Jalen Murphy. Anonymous tipline reports concerns about suspected neglect.', 'DSS Intake Report, p. 10', 'Jalen Murphy, Sandra Reeves');
INSERT INTO timeline_events (case_id, event_date, event_time, event_type, description, source_document, parties_involved) VALUES ('2023-DR-02-0423', '2023-10-17', '10:15 PM', 'DSS Action', 'Sandra Reeves conducts unannounced home visit. Finds parent failed to seek medical attention for child injuries. Shonda Murphy uncooperative and hostile.', 'Home Visit Report, p. 16', 'Sandra Reeves, Shonda Murphy');
INSERT INTO timeline_events (case_id, event_date, event_time, event_type, description, source_document, parties_involved) VALUES ('2023-DR-02-0423', '2023-10-29', NULL, 'DSS Action', 'DSS obtains emergency removal order. Jalen Murphy (age 11) and Nia Murphy (age 6) placed in kinship care with relative. Shonda Murphy informed of removal and rights.', 'Court Filing, Emergency Order, p. 20', 'Sandra Reeves, Shonda Murphy, Jalen Murphy (age 11) and Nia Murphy (age 6)');
INSERT INTO timeline_events (case_id, event_date, event_time, event_type, description, source_document, parties_involved) VALUES ('2023-DR-02-0423', '2023-11-15', '7:15 AM', 'Court', 'Probable cause hearing before Judge Harold Wynn. Court finds probable cause of abuse. Shonda Murphy present with appointed counsel. Treatment plan ordered: random drug screening, domestic violence intervention program, psychological evaluation.', 'Court Filing, Order 1, p. 26', 'Shonda Murphy, Sandra Reeves, Judge Harold Wynn');
INSERT INTO timeline_events (case_id, event_date, event_time, event_type, description, source_document, parties_involved) VALUES ('2023-DR-02-0423', '2023-11-30', NULL, 'Court', 'Review hearing. Shonda Murphy has made minimal progress on court-ordered treatment plan. Court continues current orders.', 'Court Filing, Order 2, p. 15', 'Shonda Murphy, Sandra Reeves, Judge Harold Wynn');
INSERT INTO statements (case_id, person_id, statement_date, made_to, statement_text, source_document, page_reference) VALUES ('2023-DR-02-0423', 249, '2023-10-08', 'Medical Staff', 'I love my children. I would never hurt them. Things have been hard.', 'Dictation PDF', 'p. 9');
INSERT INTO statements (case_id, person_id, statement_date, made_to, statement_text, source_document, page_reference) VALUES ('2023-DR-02-0423', 249, '2023-10-17', 'Law Enforcement', 'I am clean now. I have been following the case plan', 'Court Transcript', 'p. 12');
INSERT INTO statements (case_id, person_id, statement_date, made_to, statement_text, source_document, page_reference) VALUES ('2023-DR-02-0423', 249, '2023-10-29', 'Law Enforcement', 'They are exaggerating. The kids were never in danger.', 'Sheriff Report', 'p. 5');
INSERT INTO statements (case_id, person_id, statement_date, made_to, statement_text, source_document, page_reference) VALUES ('2023-DR-02-0423', 253, '2023-11-15', 'Court', 'During my home visit, Shonda Murphy minimized the severity of the situation. Progress has been made but is insufficient.', 'Dictation PDF', 'p. 8');
INSERT INTO statements (case_id, person_id, statement_date, made_to, statement_text, source_document, page_reference) VALUES ('2023-DR-02-0423', 254, '2023-11-30', 'Court', 'In my assessment, it is in the best interest of the children to remain in care. I recommend continued out-of-home placement.', 'GAL Report', 'p. 8');
INSERT INTO discrepancies (case_id, topic, person_a_id, person_a_account, person_b_id, person_b_account, contradicted_by, source_document) VALUES ('2023-DR-02-0423', 'Cause of injuries / incident', 249, 'States the incident did not happen. Says child was injured at school/daycare.', 250, 'Witness account contradicts this account. Witness observed different events.', 'Medical records contradicts this account.', 'Dictation PDF, Court Transcript');
INSERT INTO discrepancies (case_id, topic, person_a_id, person_a_account, person_b_id, person_b_account, contradicted_by, source_document) VALUES ('2023-DR-02-0423', 'Compliance with treatment plan', 249, 'States consistent attendance with court-ordered services. Claims provider delays for any gaps.', 253, 'DSS records show dropped out of program. Alternative appointments were offered and declined.', 'Provider records and DSS documentation contradict parent claims of compliance.', 'Medical Records, GAL Report');
INSERT INTO discrepancies (case_id, topic, person_a_id, person_a_account, person_b_id, person_b_account, contradicted_by, source_document) VALUES ('2023-DR-02-0423', 'Parenting capacity', 249, 'States provides adequate supervision. States neighbors/family can vouch for care.', 250, 'Foster care reports show children expressed fear of returning home.', 'Medical history contradict parent account.', 'Drug Screen Report, Court Transcript');

-- Case 47: 2024-DR-14-0448
INSERT INTO cases (case_id, case_title, case_type, circuit, county, filed_date, status, plaintiff, summary) VALUES ('2024-DR-14-0448', 'DSS v. Brown — Family Preservation', 'Family Preservation', 'Fourteenth Judicial Circuit', 'Colleton', '2024-01-18', 'Dismissed', 'SC Department of Social Services', 'Family Preservation case involving Bryce Brown (age 8). Investigation found insufficient evidence to substantiate allegations. Case dismissed by Judge David Strickland.');
INSERT INTO people (case_id, full_name, role, relationship, dob, notes) VALUES ('2024-DR-14-0448', 'Renee Wright', 'Parent', 'Mother of Bryce Brown (age 8)', '1996-05-13', NULL);
INSERT INTO people (case_id, full_name, role, relationship, dob, notes) VALUES ('2024-DR-14-0448', 'Russell Brown', 'Parent', 'Father of Bryce Brown (age 8)', '1994-12-29', NULL);
INSERT INTO people (case_id, full_name, role, relationship, dob, notes) VALUES ('2024-DR-14-0448', 'Bryce Brown', 'Child', 'Minor child, age 8', '2016-04-12', NULL);
INSERT INTO people (case_id, full_name, role, relationship, dob, notes) VALUES ('2024-DR-14-0448', 'David Ortiz', 'Case Manager', 'DSS Case Manager', NULL, NULL);
INSERT INTO people (case_id, full_name, role, relationship, dob, notes) VALUES ('2024-DR-14-0448', 'Howard Grant', 'Guardian ad Litem', 'Court-appointed GAL', NULL, NULL);
INSERT INTO timeline_events (case_id, event_date, event_time, event_type, description, source_document, parties_involved) VALUES ('2024-DR-14-0448', '2023-12-28', '1:15 PM', 'DSS Action', 'DSS receives referral regarding Bryce Brown. Neighbor reports concerns about suspected abuse.', 'DSS Intake Report, p. 16', 'Bryce Brown, David Ortiz');
INSERT INTO timeline_events (case_id, event_date, event_time, event_type, description, source_document, parties_involved) VALUES ('2024-DR-14-0448', '2023-12-31', '10:00 PM', 'DSS Action', 'David Ortiz conducts scheduled home visit. Finds children found wandering outside at night without supervision. Renee Wright not present at the home.', 'Home Visit Report, p. 9', 'David Ortiz, Renee Wright');
INSERT INTO timeline_events (case_id, event_date, event_time, event_type, description, source_document, parties_involved) VALUES ('2024-DR-14-0448', '2024-01-18', '12:15 PM', 'DSS Action', 'DSS obtains emergency removal order. Bryce Brown (age 8) placed in emergency foster care. Renee Wright informed of removal and rights.', 'Court Filing, Emergency Order, p. 24', 'David Ortiz, Renee Wright, Bryce Brown (age 8)');
INSERT INTO timeline_events (case_id, event_date, event_time, event_type, description, source_document, parties_involved) VALUES ('2024-DR-14-0448', '2024-01-26', NULL, 'Court', 'Probable cause hearing before Judge David Strickland. Court finds probable cause of abuse. Renee Wright present with retained counsel. Treatment plan ordered: domestic violence intervention program, stable housing, parenting skills classes (12 weeks), random drug screening.', 'Court Filing, Order 1, p. 11', 'Renee Wright, David Ortiz, Judge David Strickland');
INSERT INTO timeline_events (case_id, event_date, event_time, event_type, description, source_document, parties_involved) VALUES ('2024-DR-14-0448', '2024-02-09', NULL, 'Court', 'Review hearing. Renee Wright has partially completed on court-ordered treatment plan. Court schedules merits hearing.', 'Court Filing, Order 2, p. 27', 'Renee Wright, David Ortiz, Judge David Strickland');
INSERT INTO statements (case_id, person_id, statement_date, made_to, statement_text, source_document, page_reference) VALUES ('2024-DR-14-0448', 255, '2023-12-28', 'Law Enforcement', 'I love my children. I would never hurt them. I am doing my best.', 'Court Transcript', 'p. 9');
INSERT INTO statements (case_id, person_id, statement_date, made_to, statement_text, source_document, page_reference) VALUES ('2024-DR-14-0448', 255, '2023-12-31', 'Law Enforcement', 'I am getting my life together. I am willing to do whatever it takes', 'Dictation PDF', 'p. 19');
INSERT INTO statements (case_id, person_id, statement_date, made_to, statement_text, source_document, page_reference) VALUES ('2024-DR-14-0448', 255, '2024-01-18', 'Law Enforcement', 'They are exaggerating. It was a misunderstanding.', 'Court Transcript', 'p. 6');
INSERT INTO statements (case_id, person_id, statement_date, made_to, statement_text, source_document, page_reference) VALUES ('2024-DR-14-0448', 258, '2024-01-26', 'Case Manager', 'During my initial assessment, Renee Wright appeared to be under the influence. Progress has been made but is insufficient.', 'Dictation PDF', 'p. 23');
INSERT INTO statements (case_id, person_id, statement_date, made_to, statement_text, source_document, page_reference) VALUES ('2024-DR-14-0448', 258, '2024-02-09', 'Case Manager', 'Renee Wright has missed 7 of 12 required drug screens. This level of compliance is insufficient.', 'Dictation PDF', 'p. 17');
INSERT INTO statements (case_id, person_id, statement_date, made_to, statement_text, source_document, page_reference) VALUES ('2024-DR-14-0448', 258, '2024-02-09', 'Case Manager', 'I observed supervised visitation on 2025-03-23. The placement is stable and appropriate.', 'Dictation PDF', 'p. 13');
INSERT INTO statements (case_id, person_id, statement_date, made_to, statement_text, source_document, page_reference) VALUES ('2024-DR-14-0448', 258, '2024-02-09', 'Court', 'During my initial assessment, Renee Wright appeared to be under the influence. Progress has been made but is insufficient.', 'Court Transcript', 'p. 20');
INSERT INTO statements (case_id, person_id, statement_date, made_to, statement_text, source_document, page_reference) VALUES ('2024-DR-14-0448', 259, '2024-02-09', 'Court', 'In my assessment, it is in the best interest of the children to remain in care. I recommend TPR and adoption planning.', 'GAL Report', 'p. 7');
INSERT INTO discrepancies (case_id, topic, person_a_id, person_a_account, person_b_id, person_b_account, contradicted_by, source_document) VALUES ('2024-DR-14-0448', 'Parenting capacity', 255, 'States children were never in danger. States neighbors/family can vouch for care.', 256, 'School records show chronic absenteeism.', 'School attendance records contradict parent account.', 'Treatment Progress Report, School Report');
INSERT INTO discrepancies (case_id, topic, person_a_id, person_a_account, person_b_id, person_b_account, contradicted_by, source_document) VALUES ('2024-DR-14-0448', 'Compliance with treatment plan', 255, 'States active participation with court-ordered services. Claims scheduling conflicts for any gaps.', 258, 'DSS records show dropped out of program. Alternative appointments were offered and declined.', 'Provider records and DSS documentation contradict parent claims of compliance.', 'Placement Agreement, DSS Intake Report');

-- Case 48: 2024-DR-24-0502
INSERT INTO cases (case_id, case_title, case_type, circuit, county, filed_date, status, plaintiff, summary) VALUES ('2024-DR-24-0502', 'DSS v. King — Child Neglect', 'Child Neglect', 'Twelfth Judicial Circuit', 'Marion', '2024-04-21', 'Active', 'SC Department of Social Services', 'Child Neglect case involving Aiden King (age 11). Children removed after home found to be unsafe with exposed wiring and no working smoke detectors. Jerome King ordered to complete treatment plan including psychological evaluation, individual counseling, domestic violence intervention program. Case is ongoing with next hearing scheduled.');
INSERT INTO people (case_id, full_name, role, relationship, dob, notes) VALUES ('2024-DR-24-0502', 'Gwendolyn Williams', 'Parent', 'Mother of Aiden King (age 11)', '1990-02-23', NULL);
INSERT INTO people (case_id, full_name, role, relationship, dob, notes) VALUES ('2024-DR-24-0502', 'Jerome King', 'Parent', 'Father of Aiden King (age 11)', '1983-03-03', NULL);
INSERT INTO people (case_id, full_name, role, relationship, dob, notes) VALUES ('2024-DR-24-0502', 'Aiden King', 'Child', 'Minor child, age 11', '2013-01-23', NULL);
INSERT INTO people (case_id, full_name, role, relationship, dob, notes) VALUES ('2024-DR-24-0502', 'Laura Benson', 'Case Manager', 'DSS Case Manager', NULL, NULL);
INSERT INTO people (case_id, full_name, role, relationship, dob, notes) VALUES ('2024-DR-24-0502', 'Philip Crane', 'Guardian ad Litem', 'Court-appointed GAL', NULL, NULL);
INSERT INTO timeline_events (case_id, event_date, event_time, event_type, description, source_document, parties_involved) VALUES ('2024-DR-24-0502', '2024-03-21', '10:00 PM', 'DSS Action', 'DSS receives referral regarding Aiden King. Neighbor reports concerns about suspected neglect.', 'DSS Intake Report, p. 12', 'Aiden King, Laura Benson');
INSERT INTO timeline_events (case_id, event_date, event_time, event_type, description, source_document, parties_involved) VALUES ('2024-DR-24-0502', '2024-04-01', '2:15 AM', 'DSS Action', 'Laura Benson conducts scheduled home visit. Finds home found to be unsafe with exposed wiring and no working smoke detectors. Jerome King cooperative but defensive.', 'Home Visit Report, p. 15', 'Laura Benson, Jerome King');
INSERT INTO timeline_events (case_id, event_date, event_time, event_type, description, source_document, parties_involved) VALUES ('2024-DR-24-0502', '2024-04-21', '8:30 PM', 'DSS Action', 'DSS obtains emergency removal order. Aiden King (age 11) placed in temporary shelter care. Jerome King informed of removal and rights.', 'Court Filing, Emergency Order, p. 23', 'Laura Benson, Jerome King, Aiden King (age 11)');
INSERT INTO timeline_events (case_id, event_date, event_time, event_type, description, source_document, parties_involved) VALUES ('2024-DR-24-0502', '2024-05-07', '3:30 PM', 'Court', 'Probable cause hearing before Judge Sandra Templeton. Court finds probable cause of neglect. Jerome King present with appointed counsel. Treatment plan ordered: psychological evaluation, individual counseling, domestic violence intervention program.', 'Court Filing, Order 1, p. 30', 'Jerome King, Laura Benson, Judge Sandra Templeton');
INSERT INTO timeline_events (case_id, event_date, event_time, event_type, description, source_document, parties_involved) VALUES ('2024-DR-24-0502', '2024-05-12', '12:30 PM', 'Court', 'Review hearing. Jerome King has shown some improvement on court-ordered treatment plan. Court continues current orders.', 'Court Filing, Order 2, p. 28', 'Jerome King, Laura Benson, Judge Sandra Templeton');
INSERT INTO timeline_events (case_id, event_date, event_time, event_type, description, source_document, parties_involved) VALUES ('2024-DR-24-0502', '2024-05-30', '11:45 PM', 'Placement', 'Aiden King (age 11) moved to pre-adoptive placement.', 'Placement Agreement, p. 5', 'Aiden King (age 11), Laura Benson');
INSERT INTO statements (case_id, person_id, statement_date, made_to, statement_text, source_document, page_reference) VALUES ('2024-DR-24-0502', 261, '2024-03-21', 'Court', 'I love my kids. I would never hurt them. Things have been hard.', 'Court Transcript', 'p. 9');
INSERT INTO statements (case_id, person_id, statement_date, made_to, statement_text, source_document, page_reference) VALUES ('2024-DR-24-0502', 261, '2024-04-01', 'Court', 'I am working on myself. I have been following the case plan', 'Court Transcript', 'p. 11');
INSERT INTO statements (case_id, person_id, statement_date, made_to, statement_text, source_document, page_reference) VALUES ('2024-DR-24-0502', 261, '2024-04-21', 'Medical Staff', 'They are exaggerating. Someone else was responsible.', 'Court Transcript', 'p. 25');
INSERT INTO statements (case_id, person_id, statement_date, made_to, statement_text, source_document, page_reference) VALUES ('2024-DR-24-0502', 263, '2024-05-07', 'Court', 'During my home visit, Jerome King minimized the severity of the situation. Compliance with the case plan has been minimal.', 'Dictation PDF', 'p. 6');
INSERT INTO statements (case_id, person_id, statement_date, made_to, statement_text, source_document, page_reference) VALUES ('2024-DR-24-0502', 263, '2024-05-12', 'Case Manager', 'Jerome King has attended 3 of 12 required treatment sessions. This level of compliance is insufficient.', 'Court Transcript', 'p. 15');
INSERT INTO statements (case_id, person_id, statement_date, made_to, statement_text, source_document, page_reference) VALUES ('2024-DR-24-0502', 263, '2024-05-30', 'Case Manager', 'I observed supervised visitation on 2024-10-15. There are behavioral concerns.', 'Home Visit Report', 'p. 4');
INSERT INTO statements (case_id, person_id, statement_date, made_to, statement_text, source_document, page_reference) VALUES ('2024-DR-24-0502', 263, '2024-05-30', 'Court', 'During my home visit, Jerome King minimized the severity of the situation. Compliance with the case plan has been minimal.', 'Dictation PDF', 'p. 8');
INSERT INTO statements (case_id, person_id, statement_date, made_to, statement_text, source_document, page_reference) VALUES ('2024-DR-24-0502', 264, '2024-05-30', 'Court', 'In my assessment, further time is needed to evaluate reunification potential. I recommend continued out-of-home placement.', 'GAL Report', 'p. 18');
INSERT INTO discrepancies (case_id, topic, person_a_id, person_a_account, person_b_id, person_b_account, contradicted_by, source_document) VALUES ('2024-DR-24-0502', 'Substance use', 261, 'Denies current drug use. States use was in the past.', 263, 'DSS observations show drug paraphernalia in home.', 'Lab results and clinical observations contradict self-report.', 'Treatment Progress Report, GAL Report');
INSERT INTO discrepancies (case_id, topic, person_a_id, person_a_account, person_b_id, person_b_account, contradicted_by, source_document) VALUES ('2024-DR-24-0502', 'Parenting capacity', 261, 'States is a capable parent. Claims children were happy and healthy.', 260, 'School records show behavioral issues emerging.', 'Child statements contradict parent account.', 'Psychological Evaluation, Drug Screen Report');
INSERT INTO discrepancies (case_id, topic, person_a_id, person_a_account, person_b_id, person_b_account, contradicted_by, source_document) VALUES ('2024-DR-24-0502', 'Home conditions', 261, 'States the home is clean and safe. Denies any safety hazards.', 263, 'Laura Benson documents lack of food during home visit. Photographs taken.', 'Home visit report and photographs contradict parent account.', 'School Report, School Report');
INSERT INTO discrepancies (case_id, topic, person_a_id, person_a_account, person_b_id, person_b_account, contradicted_by, source_document) VALUES ('2024-DR-24-0502', 'Compliance with treatment plan', 261, 'States active participation with court-ordered services. Claims scheduling conflicts for any gaps.', 263, 'DSS records show minimal attendance. Bus passes were provided but unused.', 'Provider records and DSS documentation contradict parent claims of compliance.', 'Placement Agreement, Placement Agreement');

-- Case 49: 2025-DR-01-0489
INSERT INTO cases (case_id, case_title, case_type, circuit, county, filed_date, status, plaintiff, summary) VALUES ('2025-DR-01-0489', 'DSS v. Simmons — Family Preservation', 'Family Preservation', 'Ninth Judicial Circuit', 'Charleston', '2024-12-26', 'Active', 'SC Department of Social Services', 'Family Preservation case involving Bryce Simmons (age 12) and Olivia Simmons (age 6). Children removed after sibling disclosed physical abuse to school counselor. Clarence Simmons ordered to complete treatment plan including stable housing, domestic violence intervention program, psychological evaluation, individual counseling, random drug screening. Case is ongoing with next hearing scheduled.');
INSERT INTO people (case_id, full_name, role, relationship, dob, notes) VALUES ('2025-DR-01-0489', 'Patricia Moore', 'Parent', 'Mother of Bryce Simmons (age 12) and Olivia Simmons (age 6)', '1994-05-19', NULL);
INSERT INTO people (case_id, full_name, role, relationship, dob, notes) VALUES ('2025-DR-01-0489', 'Clarence Simmons', 'Parent', 'Father of Bryce Simmons (age 12) and Olivia Simmons (age 6)', '1987-03-22', NULL);
INSERT INTO people (case_id, full_name, role, relationship, dob, notes) VALUES ('2025-DR-01-0489', 'Bryce Simmons', 'Child', 'Minor child, age 12', '2011-09-20', NULL);
INSERT INTO people (case_id, full_name, role, relationship, dob, notes) VALUES ('2025-DR-01-0489', 'Olivia Simmons', 'Child', 'Minor child, age 6', '2018-05-05', NULL);
INSERT INTO people (case_id, full_name, role, relationship, dob, notes) VALUES ('2025-DR-01-0489', 'David Ortiz', 'Case Manager', 'DSS Case Manager', NULL, NULL);
INSERT INTO people (case_id, full_name, role, relationship, dob, notes) VALUES ('2025-DR-01-0489', 'Patricia Lang', 'Guardian ad Litem', 'Court-appointed GAL', NULL, NULL);
INSERT INTO timeline_events (case_id, event_date, event_time, event_type, description, source_document, parties_involved) VALUES ('2025-DR-01-0489', '2024-12-08', NULL, 'DSS Action', 'DSS receives referral regarding Bryce Simmons. Neighbor reports concerns about child welfare.', 'DSS Intake Report, p. 24', 'Bryce Simmons, David Ortiz');
INSERT INTO timeline_events (case_id, event_date, event_time, event_type, description, source_document, parties_involved) VALUES ('2025-DR-01-0489', '2024-12-13', '9:15 AM', 'DSS Action', 'David Ortiz conducts scheduled home visit. Finds sibling disclosed physical abuse to school counselor. Clarence Simmons appeared impaired.', 'Home Visit Report, p. 2', 'David Ortiz, Clarence Simmons');
INSERT INTO timeline_events (case_id, event_date, event_time, event_type, description, source_document, parties_involved) VALUES ('2025-DR-01-0489', '2024-12-26', '10:30 PM', 'DSS Action', 'DSS obtains emergency removal order. Bryce Simmons (age 12) and Olivia Simmons (age 6) placed in kinship care with relative. Clarence Simmons informed of removal and rights.', 'Court Filing, Emergency Order, p. 4', 'David Ortiz, Clarence Simmons, Bryce Simmons (age 12) and Olivia Simmons (age 6)');
INSERT INTO timeline_events (case_id, event_date, event_time, event_type, description, source_document, parties_involved) VALUES ('2025-DR-01-0489', '2025-01-07', '3:30 AM', 'Court', 'Probable cause hearing before Judge Carolyn Bridges. Court finds probable cause of abuse. Clarence Simmons present with appointed counsel. Treatment plan ordered: stable housing, domestic violence intervention program, psychological evaluation, individual counseling, random drug screening.', 'Court Filing, Order 1, p. 8', 'Clarence Simmons, David Ortiz, Judge Carolyn Bridges');
INSERT INTO timeline_events (case_id, event_date, event_time, event_type, description, source_document, parties_involved) VALUES ('2025-DR-01-0489', '2025-01-13', '6:45 PM', 'Court', 'Review hearing. Clarence Simmons has shown some improvement on court-ordered treatment plan. Court approves modified case plan.', 'Court Filing, Order 2, p. 18', 'Clarence Simmons, David Ortiz, Judge Carolyn Bridges');
INSERT INTO statements (case_id, person_id, statement_date, made_to, statement_text, source_document, page_reference) VALUES ('2025-DR-01-0489', 266, '2024-12-08', 'Court', 'I love my babies. I would never hurt them. I am doing my best.', 'Sheriff Report', 'p. 4');
INSERT INTO statements (case_id, person_id, statement_date, made_to, statement_text, source_document, page_reference) VALUES ('2025-DR-01-0489', 266, '2024-12-13', 'Law Enforcement', 'I am clean now. I want my kids back', 'Sheriff Report', 'p. 8');
INSERT INTO statements (case_id, person_id, statement_date, made_to, statement_text, source_document, page_reference) VALUES ('2025-DR-01-0489', 266, '2024-12-26', 'Court', 'I was not there when that happened. The kids were never in danger.', 'Dictation PDF', 'p. 12');
INSERT INTO statements (case_id, person_id, statement_date, made_to, statement_text, source_document, page_reference) VALUES ('2025-DR-01-0489', 269, '2025-01-07', 'Case Manager', 'During my follow-up visit, Clarence Simmons appeared to be under the influence. The home was not safe for children.', 'Court Transcript', 'p. 21');
INSERT INTO statements (case_id, person_id, statement_date, made_to, statement_text, source_document, page_reference) VALUES ('2025-DR-01-0489', 269, '2025-01-13', 'Case Manager', 'Clarence Simmons has not enrolled in 3 of 12 required treatment sessions. Additional supports have been offered.', 'Dictation PDF', 'p. 11');
INSERT INTO statements (case_id, person_id, statement_date, made_to, statement_text, source_document, page_reference) VALUES ('2025-DR-01-0489', 269, '2025-01-13', 'Court', 'I spoke with the foster family on 2024-10-27. The children are adjusting well.', 'Dictation PDF', 'p. 4');
INSERT INTO statements (case_id, person_id, statement_date, made_to, statement_text, source_document, page_reference) VALUES ('2025-DR-01-0489', 269, '2025-01-13', 'Case Manager', 'During my follow-up visit, Clarence Simmons appeared to be under the influence. The home was not safe for children.', 'Court Transcript', 'p. 10');
INSERT INTO statements (case_id, person_id, statement_date, made_to, statement_text, source_document, page_reference) VALUES ('2025-DR-01-0489', 270, '2025-01-13', 'Court', 'In my assessment, it is in the best interest of the children to remain in care. I recommend TPR and adoption planning.', 'GAL Report', 'p. 3');
INSERT INTO discrepancies (case_id, topic, person_a_id, person_a_account, person_b_id, person_b_account, contradicted_by, source_document) VALUES ('2025-DR-01-0489', 'Compliance with treatment plan', 266, 'States full compliance with court-ordered services. Claims transportation issues for any gaps.', 269, 'DSS records show repeated no-shows. Bus passes were provided but unused.', 'Provider records and DSS documentation contradict parent claims of compliance.', 'Court Filing, Medical Records');
INSERT INTO discrepancies (case_id, topic, person_a_id, person_a_account, person_b_id, person_b_account, contradicted_by, source_document) VALUES ('2025-DR-01-0489', 'Substance use', 266, 'Denies current drug use. Denies any history of use.', 265, 'Law enforcement report show track marks observed.', 'Lab results and clinical observations contradict self-report.', 'DSS Intake Report, Placement Agreement');
INSERT INTO discrepancies (case_id, topic, person_a_id, person_a_account, person_b_id, person_b_account, contradicted_by, source_document) VALUES ('2025-DR-01-0489', 'Home conditions', 266, 'States the home is clean and safe. Denies any safety hazards.', 265, 'David Ortiz documents safety hazards during home visit. Conditions verified by law enforcement.', 'Home visit report and photographs contradict parent account.', 'Home Visit Report, Treatment Progress Report');
INSERT INTO discrepancies (case_id, topic, person_a_id, person_a_account, person_b_id, person_b_account, contradicted_by, source_document) VALUES ('2025-DR-01-0489', 'Cause of injuries / incident', 266, 'States the child was already hurt. Claims no knowledge of how injuries occurred.', 269, 'Physical evidence contradicts this account. Injuries inconsistent with reported mechanism.', 'Physical evidence contradicts this account.', 'School Report, DSS Intake Report');

-- Case 50: 2024-DR-01-0537
INSERT INTO cases (case_id, case_title, case_type, circuit, county, filed_date, status, plaintiff, summary) VALUES ('2024-DR-01-0537', 'DSS v. Morris — Guardianship', 'Guardianship', 'Sixteenth Judicial Circuit', 'Union', '2023-05-25', 'Active', 'SC Department of Social Services', 'Guardianship case involving Serenity Morris (age 6). Children removed after children left unsupervised for extended period. Vernon Morris ordered to complete treatment plan including gainful employment, domestic violence intervention program, substance abuse evaluation and treatment. Case is ongoing with next hearing scheduled.');
INSERT INTO people (case_id, full_name, role, relationship, dob, notes) VALUES ('2024-DR-01-0537', 'Iris Cook', 'Parent', 'Mother of Serenity Morris (age 6)', '1994-11-18', NULL);
INSERT INTO people (case_id, full_name, role, relationship, dob, notes) VALUES ('2024-DR-01-0537', 'Vernon Morris', 'Parent', 'Father of Serenity Morris (age 6)', '1991-03-25', NULL);
INSERT INTO people (case_id, full_name, role, relationship, dob, notes) VALUES ('2024-DR-01-0537', 'Serenity Morris', 'Child', 'Minor child, age 6', '2018-05-06', NULL);
INSERT INTO people (case_id, full_name, role, relationship, dob, notes) VALUES ('2024-DR-01-0537', 'James Patterson', 'Case Manager', 'DSS Case Manager', NULL, NULL);
INSERT INTO people (case_id, full_name, role, relationship, dob, notes) VALUES ('2024-DR-01-0537', 'Howard Grant', 'Guardian ad Litem', 'Court-appointed GAL', NULL, NULL);
INSERT INTO timeline_events (case_id, event_date, event_time, event_type, description, source_document, parties_involved) VALUES ('2024-DR-01-0537', '2023-04-24', NULL, 'DSS Action', 'DSS receives referral regarding Serenity Morris. School reports concerns about suspected neglect.', 'DSS Intake Report, p. 22', 'Serenity Morris, James Patterson');
INSERT INTO timeline_events (case_id, event_date, event_time, event_type, description, source_document, parties_involved) VALUES ('2024-DR-01-0537', '2023-05-04', '3:00 PM', 'DSS Action', 'James Patterson conducts unannounced home visit. Finds children left unsupervised for extended period. Vernon Morris uncooperative and hostile.', 'Home Visit Report, p. 1', 'James Patterson, Vernon Morris');
INSERT INTO timeline_events (case_id, event_date, event_time, event_type, description, source_document, parties_involved) VALUES ('2024-DR-01-0537', '2023-05-25', '4:30 AM', 'DSS Action', 'DSS obtains emergency removal order. Serenity Morris (age 6) placed in temporary shelter care. Vernon Morris informed of removal and rights.', 'Court Filing, Emergency Order, p. 16', 'James Patterson, Vernon Morris, Serenity Morris (age 6)');
INSERT INTO timeline_events (case_id, event_date, event_time, event_type, description, source_document, parties_involved) VALUES ('2024-DR-01-0537', '2023-06-08', '2:15 AM', 'Court', 'Probable cause hearing before Judge Robert Faircloth. Court finds probable cause of abuse. Vernon Morris present with retained counsel. Treatment plan ordered: gainful employment, domestic violence intervention program, substance abuse evaluation and treatment.', 'Court Filing, Order 1, p. 20', 'Vernon Morris, James Patterson, Judge Robert Faircloth');
INSERT INTO timeline_events (case_id, event_date, event_time, event_type, description, source_document, parties_involved) VALUES ('2024-DR-01-0537', '2023-06-28', '9:45 AM', 'Court', 'Review hearing. Vernon Morris has made minimal progress on court-ordered treatment plan. Court approves modified case plan.', 'Court Filing, Order 2, p. 1', 'Vernon Morris, James Patterson, Judge Robert Faircloth');
INSERT INTO timeline_events (case_id, event_date, event_time, event_type, description, source_document, parties_involved) VALUES ('2024-DR-01-0537', '2023-07-03', NULL, 'Placement', 'Serenity Morris (age 6) placed in therapeutic foster care.', 'Placement Agreement, p. 5', 'Serenity Morris (age 6), James Patterson');
INSERT INTO timeline_events (case_id, event_date, event_time, event_type, description, source_document, parties_involved) VALUES ('2024-DR-01-0537', '2023-07-15', '3:00 PM', 'Medical', 'Medical examination of Vernon Morris completed. No acute findings at this time.', 'Medical Records, p. 19', 'Vernon Morris');
INSERT INTO statements (case_id, person_id, statement_date, made_to, statement_text, source_document, page_reference) VALUES ('2024-DR-01-0537', 272, '2023-04-24', 'Law Enforcement', 'I love my kids. I would never hurt them. Things have been hard.', 'Court Transcript', 'p. 23');
INSERT INTO statements (case_id, person_id, statement_date, made_to, statement_text, source_document, page_reference) VALUES ('2024-DR-01-0537', 272, '2023-05-04', 'Medical Staff', 'I am clean now. I want my kids back', 'Dictation PDF', 'p. 18');
INSERT INTO statements (case_id, person_id, statement_date, made_to, statement_text, source_document, page_reference) VALUES ('2024-DR-01-0537', 272, '2023-05-25', 'Law Enforcement', 'That is not what happened. It was a misunderstanding.', 'Court Transcript', 'p. 8');
INSERT INTO statements (case_id, person_id, statement_date, made_to, statement_text, source_document, page_reference) VALUES ('2024-DR-01-0537', 274, '2023-06-08', 'Court', 'During my office interview, Vernon Morris minimized the severity of the situation. I have concerns about the children returning.', 'Home Visit Report', 'p. 9');
INSERT INTO statements (case_id, person_id, statement_date, made_to, statement_text, source_document, page_reference) VALUES ('2024-DR-01-0537', 274, '2023-06-28', 'Court', 'Vernon Morris has partially completed 7 of 12 required parenting classes. We recommend continued out-of-home placement.', 'Home Visit Report', 'p. 9');
INSERT INTO statements (case_id, person_id, statement_date, made_to, statement_text, source_document, page_reference) VALUES ('2024-DR-01-0537', 274, '2023-07-03', 'Court', 'I visited the children on 2024-07-05. The children expressed desire to return home.', 'Dictation PDF', 'p. 1');
INSERT INTO statements (case_id, person_id, statement_date, made_to, statement_text, source_document, page_reference) VALUES ('2024-DR-01-0537', 275, '2023-07-15', 'Court', 'In my assessment, the children are thriving in their current placement. I recommend TPR and adoption planning.', 'GAL Report', 'p. 14');
INSERT INTO discrepancies (case_id, topic, person_a_id, person_a_account, person_b_id, person_b_account, contradicted_by, source_document) VALUES ('2024-DR-01-0537', 'Parenting capacity', 272, 'States children were always cared for. Blames circumstances, not parenting.', 274, 'GAL observations show chronic absenteeism.', 'GAL report contradict parent account.', 'Court Filing, Court Transcript');
INSERT INTO discrepancies (case_id, topic, person_a_id, person_a_account, person_b_id, person_b_account, contradicted_by, source_document) VALUES ('2024-DR-01-0537', 'Compliance with treatment plan', 272, 'States full compliance with court-ordered services. Claims scheduling conflicts for any gaps.', 274, 'DSS records show incomplete requirements. Bus passes were provided but unused.', 'Provider records and DSS documentation contradict parent claims of compliance.', 'Placement Agreement, Drug Screen Report');
INSERT INTO discrepancies (case_id, topic, person_a_id, person_a_account, person_b_id, person_b_account, contradicted_by, source_document) VALUES ('2024-DR-01-0537', 'Substance use', 272, 'Denies current drug use. Denies any history of use.', 271, 'DSS observations show drug paraphernalia in home.', 'Lab results and clinical observations contradict self-report.', 'Court Filing, Sheriff Report');
INSERT INTO discrepancies (case_id, topic, person_a_id, person_a_account, person_b_id, person_b_account, contradicted_by, source_document) VALUES ('2024-DR-01-0537', 'Home conditions', 272, 'States the home is being improved. Denies any safety hazards.', 274, 'James Patterson documents exposed wiring during home visit. Conditions verified by law enforcement.', 'Home visit report and photographs contradict parent account.', 'Psychological Evaluation, DSS Intake Report');